ts_utc,ts_msk,azs_total,azs_available,p_med_АИ-92,p_p10_АИ-92,p_p90_АИ-92,p_min_АИ-92,p_max_АИ-92,p_n_АИ-92,p_navail_АИ-92,p_fresh_АИ-92,p_age_АИ-92,p_med_АИ-95,p_p10_АИ-95,p_p90_АИ-95,p_min_АИ-95,p_max_АИ-95,p_n_АИ-95,p_navail_АИ-95,p_fresh_АИ-95,p_age_АИ-95,p_med_АИ-98,p_p10_АИ-98,p_p90_АИ-98,p_min_АИ-98,p_max_АИ-98,p_n_АИ-98,p_navail_АИ-98,p_fresh_АИ-98,p_age_АИ-98,p_med_АИ-100,p_p10_АИ-100,p_p90_АИ-100,p_min_АИ-100,p_max_АИ-100,p_n_АИ-100,p_navail_АИ-100,p_fresh_АИ-100,p_age_АИ-100,p_med_ДТ,p_p10_ДТ,p_p90_ДТ,p_min_ДТ,p_max_ДТ,p_n_ДТ,p_navail_ДТ,p_fresh_ДТ,p_age_ДТ,gb_total,gb_yes,gb_no,gb_queue,gb_low,gb_unknown,gb_seen_fresh,gb_seen_any,gb_n_report,gb_now_92,cp_92,cpn_92,gb_now_95,cp_95,cpn_95,gb_now_98,cp_98,cpn_98,gb_now_100,cp_100,cpn_100,gb_now_ДТ,cp_ДТ,cpn_ДТ,net_net_АИ-92,net_indep_АИ-92,net_spread_АИ-92,net_net_АИ-95,net_indep_АИ-95,net_spread_АИ-95,net_net_АИ-98,net_indep_АИ-98,net_spread_АИ-98,net_net_АИ-100,net_indep_АИ-100,net_spread_АИ-100,net_net_ДТ,net_indep_ДТ,net_spread_ДТ,net95_med,net95_n,indep95_med,indep95_n,spread95,net95_Роснефть,net95_Газпромнефть,net95_Лукойл
2026-07-08 14:54:13,2026-07-08 17:54:13,1255,1029,65.15,63.95,79.9,55.99,134.0,1094,911,,,71.8,69.83,89.9,62.09,139.0,989,829,,,104.48,99.9,127.4,96.99,133.0,20,15,,,98.3,95.69,99.99,84.65,115.11,398,370,,,79.65,77.94,89.98,68.89,145.0,934,766,,,1274,551,470,79,25,149,,,,449,,,393,,,174,,,186,,,467,,,,,,,,,,,,,,,,,,,,,,,,,
2026-07-08 14:54:37,2026-07-08 17:54:37,1255,1029,65.15,63.95,79.9,55.99,134.0,1094,911,,,71.8,69.83,89.9,62.09,139.0,989,829,,,104.48,99.9,127.4,96.99,133.0,20,15,,,98.3,95.69,99.99,84.65,115.11,398,370,,,79.65,77.94,89.98,68.89,145.0,934,766,,,1274,551,470,79,25,149,,,,449,,,393,,,174,,,186,,,467,,,,,,,,,,,,,,,,,,,,,,,,,
2026-07-08 15:09:27,2026-07-08 18:09:27,1254,1028,65.15,63.95,79.9,55.99,134.0,1094,911,,,71.8,69.83,89.9,62.09,139.0,989,829,,,104.48,99.9,127.4,96.99,133.0,20,15,,,98.3,95.73,99.99,84.65,115.11,398,370,,,79.65,77.94,89.98,68.89,145.0,934,766,,,1274,552,479,80,24,139,,,,464,,,403,,,184,,,195,,,476,,,,,,,,,,,,,,,,,,,,,,,,,
2026-07-08 15:37:12,2026-07-08 18:37:12,1255,1030,65.15,63.95,79.9,55.99,134.0,1094,911,,,71.8,69.83,89.9,62.09,139.0,989,830,,,104.48,99.9,127.4,96.99,133.0,20,15,,,98.3,95.69,99.99,84.65,115.11,398,371,,,79.65,77.94,89.98,68.89,145.0,934,766,,,1274,552,484,79,26,133,,,,469,,,411,,,190,,,192,,,489,,,,,,,,,,,,,,,,,,,,,,,,,
2026-07-08 15:51:57,2026-07-08 18:51:57,1254,1029,65.15,63.95,79.9,55.99,134.0,1093,910,,,71.8,69.83,89.9,62.09,139.0,988,829,,,104.48,99.9,127.4,96.99,133.0,20,15,,,98.3,95.69,99.99,84.65,115.11,398,371,,,79.65,77.94,89.98,68.89,145.0,933,765,,,1274,551,488,80,25,130,,,,463,,,414,,,198,,,199,,,485,,,,,,,,,,,,,,,,,,,,,,,,,
2026-07-08 16:05:01,2026-07-08 19:05:01,1254,1029,65.15,64.0,79.9,55.99,134.0,1093,910,981,,71.77,69.8,89.9,62.09,139.0,988,829,879,,99.9,99.9,130.6,96.99,133.0,20,15,12,,99.4,95.95,102.9,84.65,110.0,398,371,238,,79.65,78.09,89.98,68.89,145.0,933,765,856,,1274,550,488,79,27,130,,,,459,,,415,,,191,,,193,,,480,,,,,,,,,,,,,,,,,,,,,,,,,
2026-07-08 19:27:16,2026-07-08 22:27:16,1254,1026,65.19,64.0,79.9,55.99,134.0,1093,908,996,,71.8,69.83,89.9,62.09,139.0,988,826,906,,99.9,99.9,130.6,96.99,133.0,20,15,12,,99.4,96.22,102.9,84.65,110.0,399,373,243,,79.65,78.09,89.98,68.89,145.0,933,763,865,,1274,541,530,92,20,91,,,,434,,,393,,,169,,,166,,,452,,,,,,,,,,,,,,,,,,,,,,,,,
2026-07-08 20:51:32,2026-07-08 23:51:32,1252,984,65.19,63.99,79.9,55.99,134.0,1094,869,841,,71.67,69.75,89.9,62.09,139.0,989,789,739,,99.9,99.9,127.4,99.9,133.0,20,15,8,,99.4,97.85,102.9,84.65,110.0,399,354,163,,79.65,78.09,89.9,68.89,142.0,934,726,796,,1275,540,530,89,21,95,,,,396,,,380,,,153,,,150,,,417,,,,,,,,,,,,,,,,,,71.25,537,79.99,202,8.74,71.25,71.42,71.92
2026-07-08 21:06:46,2026-07-09 00:06:46,1252,952,65.19,63.99,79.9,55.99,134.0,1094,838,841,,71.67,69.75,89.9,62.09,139.0,989,760,739,,99.9,99.9,127.4,99.9,133.0,20,16,8,,99.4,97.85,102.9,84.65,110.0,399,337,163,,79.65,78.09,89.9,68.89,142.0,934,695,796,,1275,545,529,85,20,96,,,,389,,,368,,,153,,,144,,,410,,,,,,,,,,,,,,,,,,71.25,537,79.99,202,8.74,71.25,71.42,71.92
2026-07-08 21:23:50,2026-07-09 00:23:50,1247,1015,65.19,63.99,79.9,55.99,134.0,1089,899,845,,71.72,69.75,89.9,62.09,139.0,984,817,744,,99.9,99.9,127.4,99.9,133.0,20,16,8,,99.4,97.85,102.9,84.65,110.0,398,372,163,,79.65,78.09,89.9,68.89,142.0,929,754,796,,1275,541,533,85,20,96,,,,381,,,358,,,144,,,139,,,394,,,,,,,,,,,,,,,,,,71.29,539,79.99,205,8.7,71.25,71.48,71.92
2026-07-08 21:32:42,2026-07-09 00:32:42,1251,1019,65.19,63.99,79.9,55.99,134.0,1092,902,845,,71.72,69.75,89.9,62.09,139.0,987,820,744,,99.9,99.9,127.4,99.9,133.0,20,16,8,,99.4,97.85,102.9,84.65,110.0,399,373,163,,79.65,78.09,89.9,68.89,142.0,932,757,796,,1275,540,532,85,21,97,,,,382,,,359,,,146,,,139,,,391,,,,,,,,,,,,,,,,,,71.29,539,79.99,205,8.7,71.25,71.48,71.92
2026-07-08 21:37:14,2026-07-09 00:37:14,1251,965,65.19,63.99,79.9,55.99,134.0,1092,852,845,,71.72,69.75,89.9,62.09,139.0,987,774,744,,99.9,99.9,127.4,99.9,133.0,20,16,8,,99.4,97.85,102.9,84.65,110.0,399,337,163,,79.65,78.09,89.9,68.89,142.0,932,713,796,,1275,542,530,85,22,96,,,,382,,,359,,,146,,,138,,,394,,,,,,,,,,,,,,,,,,71.29,539,79.99,205,8.7,71.25,71.48,71.92
2026-07-08 21:47:22,2026-07-09 00:47:22,1251,1021,65.19,63.99,79.9,55.99,134.0,1092,903,845,,71.72,69.75,89.9,62.09,139.0,987,822,744,,99.9,99.9,127.4,99.9,133.0,20,16,8,,99.4,97.85,102.9,84.65,110.0,399,370,163,,79.65,78.09,89.9,68.89,142.0,932,758,796,,1275,538,536,86,19,96,,,,381,,,358,,,150,,,139,,,390,,,,,,,,,,,,,,,,,,71.29,539,79.99,205,8.7,71.25,71.48,71.92
2026-07-08 21:54:55,2026-07-09 00:54:55,1249,1019,65.19,63.99,79.9,55.99,134.0,1090,901,844,,71.72,69.75,89.9,62.09,139.0,985,820,743,,99.9,99.9,127.4,99.9,133.0,20,16,8,,99.4,97.85,102.9,84.65,110.0,398,369,163,,79.65,78.09,89.9,68.89,142.0,930,756,795,,1275,538,535,87,20,95,,,,385,,,358,,,149,,,139,,,391,,,,,,,,,,,,,,,,,,71.29,539,79.99,204,8.7,71.25,71.48,71.92
2026-07-08 22:05:20,2026-07-09 01:05:20,1251,983,65.19,63.99,79.9,55.99,134.0,1092,867,845,,71.72,69.75,89.9,62.09,139.0,987,791,744,,99.9,99.9,127.4,99.9,133.0,20,15,8,,99.4,97.85,102.9,84.65,110.0,399,349,163,,79.65,78.09,89.9,68.89,142.0,932,722,796,,1275,537,535,87,19,97,,,,389,,,353,,,139,,,134,,,386,,,,,,,,,,,,,,,,,,71.29,540,79.99,204,8.7,71.25,71.48,71.92
2026-07-08 22:10:02,2026-07-09 01:10:02,1249,981,65.19,63.99,79.9,55.99,134.0,1090,864,846,,71.72,69.75,89.9,62.09,139.0,985,788,746,,99.9,99.9,127.4,99.9,133.0,20,16,8,,99.4,97.85,102.9,84.65,110.0,396,345,163,,79.65,78.09,89.9,68.89,142.0,930,719,795,,1275,537,535,87,19,97,,,,389,,,353,,,139,,,134,,,386,,,,,,,,,,,,,,,,,,71.29,539,82.99,207,11.7,71.25,71.48,71.92
2026-07-08 22:14:05,2026-07-09 01:14:05,1249,1002,65.19,63.99,79.9,55.99,134.0,1090,886,846,,71.72,69.75,89.9,62.09,139.0,985,806,746,,99.9,99.9,127.4,99.9,133.0,20,14,8,,99.4,97.85,102.9,84.65,110.0,396,359,163,,79.65,78.09,89.9,68.89,142.0,930,743,795,,1275,534,540,86,20,95,,,,381,,,348,,,134,,,132,,,376,,,,,,,,,,,,,,,,,,71.29,539,82.99,207,11.7,71.25,71.48,71.92
2026-07-09 00:18:17,2026-07-09 03:18:17,1250,1011,65.19,63.99,79.9,55.99,134.0,1092,894,832,,71.72,69.75,89.9,62.09,139.0,988,817,730,,99.9,99.9,127.4,99.9,133.0,20,16,8,,99.4,98.3,105.9,84.65,110.0,397,364,143,,79.65,78.09,88.61,68.89,142.0,933,749,788,,1275,544,536,72,20,103,,,,317,,,292,,,95,,,94,,,307,,,,,,,,,,,,,,,,,,71.25,526,82.99,204,11.74,71.25,71.51,72.47
2026-07-09 05:05:50,2026-07-09 08:05:50,1256,1015,65.19,63.99,79.9,55.99,134.0,1094,895,839,,71.72,69.75,89.9,62.09,139.0,990,817,735,,99.9,99.9,127.4,99.9,133.0,20,16,8,,99.4,98.3,105.9,84.65,110.0,397,370,143,,79.65,78.09,88.49,68.89,142.0,934,750,792,,1275,515,497,26,86,151,,,,364,,,340,,,79,,,63,,,387,,,,,,,,,,,,,,,,,,71.27,530,82.99,205,11.72,71.25,71.51,72.66
2026-07-09 06:18:30,2026-07-09 09:18:30,1254,1013,65.19,64.0,79.9,55.99,134.0,1093,894,842,,71.72,69.75,89.9,62.09,139.0,989,816,737,,99.9,99.9,127.4,99.9,133.0,20,16,8,,99.4,98.3,105.9,84.65,110.0,396,369,143,,79.65,78.09,88.49,68.89,142.0,933,749,794,,1275,514,467,21,106,167,,,,414,,,378,,,86,,,93,,,449,,,65.41,67.99,2.58,71.5,79.99,8.49,127.0,99.98,-27.02,99.4,99.39,-0.01,79.68,87.24,7.56,71.5,57,79.99,74,8.49,70.05,71.27,71.71
2026-07-09 06:31:37,2026-07-09 09:31:37,1255,1013,65.19,64.0,79.9,55.99,134.0,1093,894,842,,71.72,69.75,89.9,62.09,139.0,989,816,737,,99.9,99.9,127.4,99.9,133.0,20,16,8,,99.4,98.3,105.9,84.65,110.0,396,369,143,,79.65,78.09,88.49,68.89,142.0,933,749,794,,1275,517,468,22,102,166,,,,426,,,386,,,102,,,94,,,466,,,65.41,67.99,2.58,71.5,79.99,8.49,127.0,99.98,-27.02,99.4,99.39,-0.01,79.68,87.24,7.56,71.5,57,79.99,74,8.49,70.05,71.27,71.71
2026-07-09 06:35:52,2026-07-09 09:35:52,1255,1013,65.19,64.0,79.9,55.99,134.0,1093,894,842,,71.72,69.75,89.9,62.09,139.0,989,816,737,,99.9,99.9,127.4,99.9,133.0,20,16,8,,99.4,98.3,105.9,84.65,110.0,396,369,143,,79.65,78.09,88.49,68.89,142.0,933,749,794,,1275,517,468,22,102,166,,,,426,,,386,,,102,,,94,,,466,,,65.41,67.99,2.58,71.5,79.99,8.49,127.0,99.98,-27.02,99.4,99.39,-0.01,79.68,87.24,7.56,71.5,57,79.99,74,8.49,70.05,71.27,71.71
2026-07-09 07:26:44,2026-07-09 10:26:44,1255,1041,65.19,64.0,79.9,55.99,134.0,1093,921,848,,71.72,69.75,89.9,62.09,139.0,989,835,735,,99.9,99.9,127.4,99.9,133.0,20,16,8,,99.4,98.3,105.9,84.65,110.0,396,373,143,,79.65,78.09,88.0,68.89,145.0,933,776,795,,1275,546,431,19,108,171,,,,469,,,425,,,116,,,112,,,503,,,65.41,68.99,3.58,71.5,79.99,8.49,127.0,99.98,-27.02,99.4,99.39,-0.01,79.68,87.49,7.81,71.5,49,79.99,72,8.49,69.95,71.27,71.5
2026-07-09 07:57:30,2026-07-09 10:57:30,1255,1047,65.19,64.0,79.9,55.99,134.0,1093,927,848,,71.72,69.75,89.9,62.09,139.0,989,841,735,,99.9,99.9,127.4,99.9,133.0,20,16,8,,99.4,98.3,105.9,84.65,110.0,396,375,143,,79.65,78.09,88.0,68.89,142.0,933,782,795,,1275,539,422,19,120,175,,,,465,,,424,,,119,,,118,,,498,,,65.41,68.99,3.58,71.5,79.99,8.49,127.0,99.98,-27.02,99.4,99.39,-0.01,79.68,87.49,7.81,71.5,49,79.99,72,8.49,69.95,71.27,71.5
2026-07-09 08:35:38,2026-07-09 11:35:38,1255,1033,65.21,64.0,79.9,55.99,134.0,1094,914,854,,71.72,69.75,89.9,62.09,139.0,990,827,739,,99.9,99.9,127.4,99.9,133.0,20,16,8,,99.4,98.3,105.9,84.65,110.0,396,366,143,,79.65,78.09,88.0,68.89,142.0,934,768,796,,1275,530,422,23,129,171,,,,442,,,403,,,114,,,108,,,481,,,65.41,69.13,3.72,71.5,79.99,8.49,127.0,99.98,-27.02,99.4,99.39,-0.01,79.68,87.49,7.81,71.5,45,79.99,70,8.49,69.95,71.05,71.5
2026-07-09 09:06:10,2026-07-09 12:06:10,1255,1048,65.21,64.0,79.9,55.99,134.0,1094,928,857,0.0,71.72,69.75,89.9,62.09,139.0,990,842,740,0.0,99.9,99.9,127.4,99.9,133.0,20,16,8,13.0,99.4,98.3,105.9,84.65,110.0,396,375,144,8.0,79.65,78.09,88.0,68.89,145.0,934,783,796,0.0,1275,501,429,25,150,170,,,,440,,,405,,,112,,,103,,,476,,,65.41,69.13,3.72,71.48,79.99,8.51,127.0,99.98,-27.02,99.4,99.39,-0.01,79.68,87.5,7.82,71.48,43,79.99,68,8.51,69.95,70.87,71.5
2026-07-09 10:14:56,2026-07-09 13:14:56,1256,1035,65.21,64.0,79.9,55.99,134.0,1094,916,858,0.0,71.72,69.75,89.9,62.09,139.0,990,832,740,0.0,99.9,99.9,127.4,99.9,133.0,20,15,8,13.0,99.4,98.3,105.9,84.65,110.0,396,368,146,8.0,79.65,78.09,88.0,68.89,145.0,934,772,797,0.0,1275,506,439,21,148,161,,,,437,,,405,,,107,,,92,,,471,,,65.41,69.28,3.87,71.48,79.99,8.51,127.0,99.98,-27.02,99.4,99.39,-0.01,79.68,87.5,7.82,71.48,43,79.99,67,8.51,69.95,70.75,71.5
2026-07-09 12:13:21,2026-07-09 15:13:21,1254,1054,65.21,64.0,79.9,55.99,134.0,1094,935,863,0.0,71.72,69.75,89.9,62.09,139.0,990,851,740,0.0,99.9,99.9,127.4,99.9,133.0,20,16,8,13.0,99.4,98.26,105.9,84.65,110.0,396,376,140,8.5,79.65,78.09,88.1,68.89,142.0,934,791,799,0.0,1275,456,479,30,172,138,,,,422,,,392,,,88,,,82,,,451,,,65.41,68.99,3.58,71.34,79.99,8.65,127.0,99.98,-27.02,99.4,99.39,-0.01,79.68,87.5,7.82,71.34,38,79.99,65,8.65,69.95,70.63,71.5
2026-07-09 16:07:10,2026-07-09 19:07:10,1253,1051,65.21,64.0,79.9,55.99,134.0,1093,932,867,0,71.72,69.75,89.9,62.09,139.0,989,847,742,0,99.9,99.9,127.4,99.9,133.0,20,17,8,13.0,99.4,98.3,105.9,84.65,110.0,395,375,146,8,79.65,78.09,88.05,68.89,142.0,933,788,800,0,1273,469,465,27,206,106,,,,478,,,428,,,104,,,98,,,489,,,65.27,67.99,2.72,71.34,80.49,9.15,127.0,99.98,-27.02,99.4,99.39,-0.01,79.68,87.49,7.81,71.34,35,80.49,62,9.15,69.95,70.63,71.5
2026-07-09 18:55:23,2026-07-09 21:55:23,1253,1032,65.21,64.0,79.9,55.99,134.0,1092,914,867,0.0,71.72,69.75,89.9,62.09,145.0,988,831,743,0.0,99.9,99.9,127.4,99.9,133.0,20,17,8,13.0,99.4,98.21,105.9,84.65,125.0,396,366,149,8.0,79.65,78.09,88.1,68.89,142.0,932,772,799,0.0,1273,429,510,34,205,95,,,,417,,,381,,,86,,,83,,,411,,,65.27,67.99,2.72,71.34,79.99,8.65,127.0,99.98,-27.02,99.4,112.19,12.79,79.68,87.49,7.81,71.34,33,79.99,59,8.65,69.95,70.63,71.5
2026-07-09 20:53:08,2026-07-09 23:53:08,1252,1044,65.24,64.0,79.9,55.99,134.0,1093,926,870,0,71.72,69.75,89.9,62.09,145.0,989,844,745,0,99.9,99.9,127.4,99.9,133.0,20,17,8,13.0,99.4,98.26,105.9,84.65,125.0,398,377,150,8.0,79.65,78.08,88.49,68.89,142.0,933,783,800,0,1273,462,488,25,203,95,,,,413,,,386,,,83,,,91,,,430,,,65.27,67.99,2.72,71.34,82.49,11.15,127.0,99.98,-27.02,99.4,112.19,12.79,79.68,87.49,7.81,71.34,32,82.49,55,11.15,69.95,70.63,71.5
2026-07-09 22:39:45,2026-07-10 01:39:45,1252,1048,65.27,64.0,79.9,55.99,134.0,1090,927,870,0.0,71.8,69.75,89.9,62.09,145.0,987,845,746,0,99.9,99.9,127.4,99.9,133.0,20,17,8,13.0,99.4,98.26,105.9,84.65,125.0,396,379,150,8.0,79.65,78.09,88.1,68.89,145.0,931,784,799,0,1273,412,530,20,211,100,,,,325,,,312,,,68,,,68,,,329,,,64.98,72.49,7.51,71.5,82.49,10.99,127.0,99.98,-27.02,99.4,105.9,6.5,79.51,87.99,8.48,71.5,122,82.49,57,10.99,71.25,71.79,71.5
2026-07-10 00:13:59,2026-07-10 03:13:59,1251,1041,65.39,64.0,79.9,55.99,135.0,1091,922,863,0,71.8,69.8,89.9,62.09,145.0,988,840,738,0.0,99.9,99.9,127.4,99.9,133.0,20,17,8,14.0,99.4,98.0,105.9,84.65,125.0,397,376,144,9,79.67,78.12,88.49,68.89,145.0,932,779,795,0.0,1273,393,510,14,242,114,,,,255,,,261,,,57,,,65,,,232,,,65.41,73.99,8.58,71.8,79.99,8.19,127.0,99.98,-27.02,99.4,105.9,6.5,79.68,80.09,0.41,71.8,130,79.99,99,8.19,70.95,71.27,72.74
2026-07-10 05:01:08,2026-07-10 08:01:08,1253,1035,65.39,64.0,79.9,55.99,135.0,1091,915,863,0,71.8,69.8,89.9,62.09,145.0,988,832,739,0.0,99.9,99.9,127.4,99.9,133.0,20,17,8,14.0,99.4,97.96,105.9,84.65,125.0,396,374,143,9.0,79.68,78.15,88.39,68.89,145.0,932,775,793,0.0,1273,421,482,6,187,177,,,,369,,,359,,,84,,,88,,,384,,,65.41,73.99,8.58,71.82,82.49,10.67,127.0,99.98,-27.02,99.4,105.9,6.5,79.68,87.49,7.81,71.82,76,82.49,91,10.67,71.4,71.05,72.74
2026-07-10 08:30:54,2026-07-10 11:30:54,1252,1049,65.41,64.0,79.9,55.99,135.0,1092,929,874,0.0,71.8,69.8,89.9,62.09,145.0,989,844,745,0,99.9,99.9,127.4,99.9,133.0,20,17,8,14.0,99.4,98.0,105.9,84.65,125.0,395,372,144,9,79.68,78.1,87.99,68.89,145.0,933,788,800,0,1273,486,404,10,180,193,,,,475,,,450,,,93,,,95,,,480,,,65.41,72.49,7.08,71.72,82.49,10.77,127.0,99.98,-27.02,99.4,105.9,6.5,79.68,87.5,7.82,71.72,43,82.49,76,10.77,70.88,70.95,72.74
2026-07-10 12:06:39,2026-07-10 15:06:39,1252,1054,65.41,64.0,79.9,55.99,135.0,1092,933,877,0.0,71.8,69.8,89.9,62.09,145.0,988,846,748,0.0,99.9,99.9,129.0,99.9,133.0,19,16,6,15,99.4,98.0,105.9,84.65,125.0,395,373,144,9,79.68,78.14,88.0,68.89,160.0,933,790,802,0,1273,446,442,15,201,169,,,,429,,,407,,,69,,,76,,,415,,,65.27,73.24,7.97,71.72,82.5,10.78,127.0,108.98,-18.02,99.4,,,79.68,88.0,8.32,71.72,37,82.5,65,10.78,69.95,70.95,72.74
2026-07-10 15:37:25,2026-07-10 18:37:25,1254,1065,65.41,64.0,79.9,55.99,135.0,1093,944,881,0,71.8,69.8,89.9,62.09,145.0,989,855,753,0,99.9,99.9,127.4,99.9,133.0,20,17,8,14.0,99.4,98.04,105.9,84.65,125.0,395,371,145,9,79.68,78.14,88.34,68.89,160.0,934,801,804,0.0,1274,453,441,20,221,139,,,,473,,,444,,,96,,,102,,,470,,,65.27,70.74,5.47,71.72,82.99,11.27,127.0,99.98,-27.02,99.4,,,79.68,87.99,8.31,71.72,35,82.99,64,11.27,69.95,70.95,72.74
2026-07-10 17:54:31,2026-07-10 20:54:31,1253,1057,65.41,64.0,79.9,55.99,135.0,1092,936,883,0.0,71.8,69.8,89.9,62.09,148.0,989,848,754,0,99.9,99.9,127.4,99.9,133.0,20,17,8,14.0,99.4,98.04,105.9,84.65,125.0,395,368,145,9,79.68,78.14,88.39,68.89,160.0,933,794,803,0,1274,429,517,21,171,136,,,,381,,,342,,,71,,,60,,,372,,,65.27,70.74,5.47,71.61,82.99,11.38,127.0,99.98,-27.02,99.4,,,79.68,87.75,8.07,71.61,34,82.99,63,11.38,69.95,70.95,72.74
2026-07-10 19:46:19,2026-07-10 22:46:19,1253,1061,65.41,64.0,79.9,55.99,135.0,1094,941,883,0.0,71.8,69.8,89.9,62.09,148.0,991,854,758,0,99.9,99.9,127.4,99.9,133.0,20,17,8,14.0,99.4,98.04,105.9,84.65,125.0,395,368,145,9,79.68,78.14,88.0,68.89,160.0,936,799,804,0.0,1274,405,494,16,226,133,,,,405,,,376,,,90,,,77,,,406,,,65.27,70.74,5.47,71.4,82.99,11.59,127.0,99.98,-27.02,99.4,,,79.68,87.74,8.06,71.4,30,82.99,60,11.59,69.95,70.87,72.74
2026-07-10 21:14:42,2026-07-11 00:14:42,1250,1063,65.41,64.0,79.9,55.99,135.0,1091,943,883,0,71.8,69.8,89.9,62.09,148.0,988,855,760,0.0,99.9,99.9,127.4,99.9,133.0,20,17,8,14.0,99.4,98.09,105.9,84.65,125.0,395,368,146,9,79.68,78.14,88.34,68.89,160.0,933,799,804,0,1274,405,487,11,235,136,,,,356,,,342,,,70,,,66,,,355,,,65.27,68.99,3.72,71.17,82.99,11.82,127.0,99.98,-27.02,99.4,,,79.68,87.99,8.31,71.17,28,82.99,59,11.82,69.95,70.87,72.55
2026-07-10 23:08:17,2026-07-11 02:08:17,1249,1061,65.41,64.0,79.9,55.99,135.0,1092,943,888,-0.5,71.8,69.8,89.9,62.09,148.0,987,855,762,-1,99.9,99.9,127.4,99.9,133.0,20,17,8,14.0,99.4,98.09,105.9,84.65,125.0,382,356,146,8.0,79.68,78.17,88.29,68.89,160.0,934,797,805,0.0,1274,372,507,7,239,149,,,,305,,,299,,,55,,,55,,,302,,,65.05,73.99,8.94,71.25,82.99,11.74,,99.9,,99.4,105.9,6.5,79.24,87.99,8.75,71.25,433,82.99,159,11.74,71.25,71.7,72.74
2026-07-11 03:32:37,2026-07-11 06:32:37,1250,1056,65.41,64.0,79.9,55.99,135.0,1093,939,870,0,71.8,69.8,89.9,62.09,148.0,988,850,751,0.0,99.9,99.9,127.4,99.9,133.0,20,16,8,15.0,99.4,97.91,105.9,84.65,125.0,383,358,142,9,79.68,78.19,87.99,68.89,160.0,935,795,792,0,1274,367,448,4,255,200,,,,281,,,297,,,55,,,63,,,276,,,65.41,74.49,9.08,72.14,82.5,10.36,127.0,99.98,-27.02,99.4,99.39,-0.01,79.68,79.07,-0.61,72.14,122,82.5,92,10.36,71.8,71.78,72.74
2026-07-11 06:22:28,2026-07-11 09:22:28,1253,1067,65.41,64.0,79.9,55.99,135.0,1093,948,869,0,71.8,69.8,89.9,62.09,148.0,988,858,751,0.0,99.9,99.9,127.4,99.9,133.0,20,16,8,15.0,99.4,97.91,105.9,84.65,125.0,383,362,142,9,79.68,78.19,87.99,68.89,160.0,935,804,792,0,1274,382,398,7,231,256,,,,362,,,383,,,70,,,68,,,352,,,65.41,74.49,9.08,71.92,82.75,10.83,127.0,99.98,-27.02,99.4,99.39,-0.01,79.68,80.09,0.41,71.92,85,82.75,84,10.83,71.8,71.05,72.74
2026-07-11 08:54:58,2026-07-11 11:54:58,1254,1058,65.41,64.0,79.9,55.99,135.0,1094,939,875,0.0,71.8,69.82,89.9,62.09,148.0,989,851,758,0,99.9,99.9,127.4,99.9,133.0,20,16,8,15.0,99.4,97.85,105.9,84.65,125.0,383,359,143,9,79.68,78.16,87.99,68.89,160.0,936,794,794,0.0,1274,438,350,4,241,241,,,,456,,,472,,,91,,,87,,,460,,,65.41,74.24,8.83,71.8,82.75,10.95,127.0,99.98,-27.02,99.4,99.39,-0.01,79.68,86.99,7.31,71.8,63,82.75,78,10.95,71.8,70.63,72.36
2026-07-11 10:22:10,2026-07-11 13:22:10,1254,1062,65.41,64.0,79.9,55.99,135.0,1095,943,876,0,71.8,69.83,89.9,62.09,148.0,990,855,763,0.0,99.9,99.9,127.4,99.9,133.0,20,17,8,15.0,99.4,97.85,105.9,84.65,125.0,383,361,143,9,79.68,78.16,87.99,68.89,160.0,937,797,794,0,1274,459,343,7,231,234,,,,458,,,445,,,90,,,90,,,446,,,65.41,74.49,9.08,71.8,82.5,10.7,127.0,99.98,-27.02,99.4,102.65,3.25,79.68,86.99,7.31,71.8,49,82.5,74,10.7,71.8,70.63,72.74
2026-07-11 11:59:49,2026-07-11 14:59:49,1254,1061,65.41,64.0,79.9,55.99,135.0,1095,942,876,0,71.8,69.84,89.9,62.09,148.0,990,855,764,0.0,99.9,99.9,127.4,99.9,133.0,20,17,8,15.0,99.4,97.85,105.9,84.65,125.0,383,362,143,9,79.68,78.19,87.99,68.89,160.0,937,797,794,0,1274,438,412,8,217,199,,,,406,,,405,,,72,,,71,,,413,,,65.41,74.5,9.09,71.5,82.49,10.99,127.0,99.98,-27.02,99.4,102.65,3.25,79.68,87.49,7.81,71.5,47,82.49,71,10.99,71.4,70.63,72.74
2026-07-11 13:45:40,2026-07-11 16:45:40,1254,1069,65.41,64.0,79.9,55.99,135.0,1094,950,879,0.0,71.8,69.84,89.9,62.09,148.0,989,860,765,0,99.9,99.9,127.4,99.9,133.0,20,17,8,15.0,99.4,97.85,105.9,84.65,125.0,382,363,143,9.0,79.68,78.19,87.99,68.89,160.0,936,805,797,0.0,1274,458,397,8,235,176,,,,448,,,447,,,83,,,84,,,460,,,65.41,74.5,9.09,71.5,82.49,10.99,127.0,99.98,-27.02,99.4,99.39,-0.01,79.68,87.74,8.06,71.5,40,82.49,70,10.99,71.4,70.63,72.12
2026-07-11 15:05:02,2026-07-11 18:05:02,1252,1070,65.41,64.0,79.9,55.99,135.0,1094,952,885,0.0,71.8,69.84,89.9,62.09,148.0,989,861,765,0,99.9,99.9,127.4,99.9,133.0,20,17,8,15.0,99.4,97.86,105.9,84.65,125.0,382,363,144,9.0,79.68,78.19,87.99,68.89,160.0,936,807,799,0.0,1274,445,400,8,255,166,,,,462,,,449,,,75,,,83,,,438,,,65.41,74.49,9.08,71.5,82.49,10.99,127.0,99.98,-27.02,99.4,99.39,-0.01,79.68,87.74,8.06,71.5,32,82.49,71,10.99,,71.03,71.5
2026-07-11 16:07:01,2026-07-11 19:07:01,1253,1073,65.41,64.0,79.9,55.99,135.0,1094,955,885,0.0,71.8,69.82,89.9,62.09,148.0,989,864,767,0,99.9,99.9,127.4,99.9,133.0,20,17,8,15.0,99.4,97.86,105.9,84.65,125.0,382,363,144,9.0,79.68,78.19,87.99,68.89,160.0,936,810,799,0.0,1274,460,410,7,244,153,,,,452,,,445,,,71,,,77,,,429,,,65.41,73.99,8.58,71.5,82.49,10.99,127.0,99.98,-27.02,99.4,99.39,-0.01,79.68,87.99,8.31,71.5,33,82.49,71,10.99,,70.95,71.5
2026-07-11 18:00:21,2026-07-11 21:00:21,1251,1077,65.41,64.0,79.9,55.99,135.0,1093,959,886,0,71.8,69.82,89.9,62.09,148.0,988,868,769,0.0,99.9,99.9,128.2,99.9,133.0,19,16,7,15,99.4,97.86,105.9,84.65,125.0,382,365,144,9.0,79.68,78.19,87.99,68.89,160.0,935,812,799,0,1274,405,491,10,226,142,,,,362,,,342,,,61,,,63,,,351,,,65.41,74.24,8.83,71.5,82.5,11.0,127.0,104.48,-22.52,99.4,99.39,-0.01,79.68,87.49,7.81,71.5,33,82.5,70,11.0,,70.95,71.5
2026-07-11 19:18:47,2026-07-11 22:18:47,1251,1081,65.41,64.0,79.9,55.99,135.0,1093,963,887,0,71.8,69.82,89.9,62.09,148.0,988,870,769,0.0,99.9,99.9,128.2,99.9,133.0,19,16,7,15,99.4,97.86,105.9,84.65,125.0,382,365,144,9.0,79.68,78.19,87.99,68.89,160.0,935,815,800,0,1274,397,460,6,256,155,,,,379,,,359,,,74,,,66,,,355,,,65.41,73.99,8.58,71.5,82.75,11.25,127.0,104.48,-22.52,99.4,99.39,-0.01,79.68,87.49,7.81,71.5,33,82.75,66,11.25,,70.95,71.5
2026-07-11 21:00:34,2026-07-12 00:00:34,1249,1078,65.41,64.0,79.9,55.99,135.0,1091,961,887,0,71.8,69.82,89.9,62.09,148.0,986,868,767,0.0,99.9,99.9,127.4,99.9,133.0,20,17,8,15.0,99.4,97.86,105.9,84.65,125.0,382,365,144,9.0,79.68,78.21,87.99,68.89,160.0,933,813,799,0,1274,412,437,5,264,156,,,,371,,,351,,,69,,,69,,,349,,,65.41,73.99,8.58,71.5,82.99,11.49,127.0,99.98,-27.02,99.4,99.39,-0.01,79.68,87.49,7.81,71.5,29,82.99,63,11.49,,70.96,71.5
2026-07-11 21:58:50,2026-07-12 00:58:50,1250,1075,65.41,64.0,79.9,55.99,135.0,1091,958,888,0,71.8,69.82,89.9,62.09,148.0,986,865,769,0.0,99.9,99.9,127.4,99.9,133.0,20,16,8,15.0,99.4,97.86,105.9,84.65,125.0,383,367,145,9,79.68,78.19,87.99,68.89,160.0,933,810,800,0,1274,407,449,3,249,166,,,,325,,,307,,,60,,,57,,,302,,,65.41,74.49,9.08,71.5,82.99,11.49,127.0,99.98,-27.02,99.4,99.39,-0.01,79.68,87.49,7.81,71.5,29,82.99,62,11.49,,70.96,71.5
2026-07-11 22:59:34,2026-07-12 01:59:34,1248,1076,65.41,64.0,79.9,55.99,135.0,1091,959,888,0,71.8,69.82,89.9,62.09,148.0,986,866,768,0.0,99.9,99.9,127.4,99.9,133.0,20,16,8,15.0,99.4,97.86,105.9,84.65,125.0,372,357,147,8.0,79.68,78.19,87.99,68.89,160.0,933,811,799,0,1274,421,422,4,245,182,,,,279,,,272,,,37,,,45,,,263,,,65.05,73.99,8.94,71.5,82.99,11.49,127.0,99.98,-27.02,99.4,102.65,3.25,79.68,87.99,8.31,71.5,80,82.99,67,11.49,71.25,71.52,71.5
2026-07-12 00:03:32,2026-07-12 03:03:32,1247,1074,65.41,64.0,79.9,55.99,135.0,1092,959,879,0.0,71.8,69.8,89.9,62.09,148.0,987,866,758,0,99.9,99.9,127.4,99.9,133.0,20,16,8,16.0,99.4,97.87,105.9,84.65,125.0,372,357,141,9.0,79.68,78.18,87.99,68.89,160.0,934,812,789,0.5,1274,398,415,1,245,215,,,,214,,,203,,,18,,,31,,,194,,,65.41,74.5,9.09,72.29,82.5,10.21,127.0,99.98,-27.02,99.4,99.39,-0.01,79.68,79.07,-0.61,72.29,149,82.5,94,10.21,71.8,72.02,72.74
2026-07-12 03:49:48,2026-07-12 06:49:48,1247,1065,65.41,64.0,79.9,55.99,135.0,1091,949,882,0,71.8,69.8,89.9,62.09,148.0,986,857,758,0.0,99.9,99.9,127.4,99.9,133.0,20,16,8,16.0,99.4,98.3,105.9,84.65,125.0,372,353,142,9.0,79.68,78.19,87.99,68.89,160.0,933,801,790,0,1274,402,366,1,214,291,,,,205,,,207,,,21,,,37,,,197,,,65.41,76.5,11.09,72.58,82.5,9.92,127.0,99.98,-27.02,99.4,99.39,-0.01,79.68,79.07,-0.61,72.58,141,82.5,93,9.92,71.8,72.07,72.74
2026-07-12 06:42:30,2026-07-12 09:42:30,1252,1068,65.41,64.0,79.9,55.99,135.0,1092,949,884,0.0,71.8,69.8,89.9,62.09,148.0,987,860,762,0,99.9,99.9,128.2,99.9,133.0,20,17,7,16.5,99.4,98.3,105.9,84.65,125.0,372,351,141,9.0,79.68,78.19,87.99,68.89,160.0,934,799,790,0.0,1274,392,333,3,189,357,,,,338,,,341,,,40,,,71,,,332,,,65.41,79.9,14.49,72.74,82.99,10.25,127.0,108.98,-18.02,99.4,99.39,-0.01,79.68,79.07,-0.61,72.74,117,82.99,86,10.25,71.8,79.79,72.74
2026-07-12 09:09:20,2026-07-12 12:09:20,1253,1077,65.41,64.01,79.9,55.99,135.0,1094,959,889,0.0,71.8,69.82,89.9,62.09,148.0,989,868,767,0,99.9,99.9,127.4,99.9,133.0,20,17,8,16.0,99.4,98.3,105.9,84.65,125.0,372,354,142,9.0,79.68,78.19,87.99,68.89,160.0,936,810,791,0.0,1287,452,286,1,190,358,,,,435,,,417,,,40,,,77,,,433,,,65.41,79.19,13.78,72.36,82.99,10.63,127.0,99.98,-27.02,99.4,99.39,-0.01,79.68,79.07,-0.61,72.36,87,82.99,80,10.63,71.0,72.16,72.66
2026-07-12 11:18:47,2026-07-12 14:18:47,1252,1077,65.41,64.01,79.9,55.99,135.0,1094,962,892,0.0,71.8,69.83,89.9,62.09,148.0,989,874,770,0,99.9,99.9,127.4,99.9,133.0,20,17,8,16.0,99.4,98.3,105.9,84.65,125.0,372,352,143,9.0,79.68,78.2,87.99,68.89,160.0,936,813,794,0.0,1286,474,333,5,186,288,,,,430,,,418,,,34,,,73,,,427,,,65.41,79.19,13.78,72.74,82.99,10.25,127.0,99.98,-27.02,99.4,99.39,-0.01,79.68,79.07,-0.61,72.74,67,82.99,80,10.25,71.8,72.31,72.55
2026-07-12 13:47:34,2026-07-12 16:47:34,1251,1080,65.41,64.0,79.9,55.99,135.0,1092,963,895,0.0,71.8,69.83,89.9,62.09,148.0,987,875,771,0,99.9,99.9,127.4,99.9,133.0,20,17,8,16.0,99.4,98.3,105.9,84.65,125.0,372,352,144,9.0,79.68,78.21,87.99,68.89,160.0,934,816,793,0.0,1286,492,352,7,204,231,,,,469,,,433,,,23,,,89,,,477,,,65.41,79.9,14.49,72.55,82.99,10.44,127.0,99.98,-27.02,99.4,99.39,-0.01,79.68,79.07,-0.61,72.55,58,82.99,79,10.44,71.4,71.86,72.36
2026-07-12 15:06:46,2026-07-12 18:06:46,1252,1085,65.41,64.0,79.9,55.99,135.0,1094,969,897,0.0,71.8,69.83,89.9,62.09,148.0,989,879,772,0,99.9,99.9,127.4,99.9,133.0,20,17,8,16.0,99.4,98.3,105.9,84.65,125.0,372,353,147,9.0,79.68,78.2,87.99,68.89,160.0,936,821,795,0.0,1286,508,333,5,225,215,,,,488,,,460,,,18,,,87,,,492,,,65.41,77.19,11.78,72.55,82.99,10.44,127.0,99.98,-27.02,99.4,99.39,-0.01,79.68,79.07,-0.61,72.55,52,82.99,75,10.44,71.0,71.86,72.14
2026-07-12 17:10:55,2026-07-12 20:10:55,1255,1088,65.41,64.0,79.9,55.99,135.0,1094,969,901,0.0,71.8,69.84,89.9,62.09,148.0,989,879,774,0,99.9,99.9,127.4,99.9,133.0,20,17,8,16.0,99.4,98.3,105.9,84.65,125.0,372,354,149,9.0,79.68,78.2,87.99,68.89,160.0,936,822,794,0.0,1286,502,397,4,186,197,,,,391,,,374,,,11,,,66,,,400,,,65.41,79.9,14.49,72.31,82.99,10.68,127.0,99.98,-27.02,99.4,99.39,-0.01,79.68,80.09,0.41,72.31,47,82.99,71,10.68,71.0,72.31,71.5
2026-07-12 19:17:50,2026-07-12 22:17:50,1252,1085,65.41,64.0,79.9,55.99,135.0,1094,968,902,0.0,71.8,69.84,89.9,62.09,148.0,989,878,774,0,99.9,99.9,127.4,99.9,133.0,20,17,8,16.0,99.4,98.3,105.9,84.65,125.0,372,355,149,9.0,79.68,78.2,87.99,68.89,160.0,936,823,794,0.0,1286,476,396,5,224,185,,,,414,,,398,,,14,,,83,,,437,,,65.41,77.19,11.78,72.36,83.99,11.63,127.0,99.98,-27.02,99.4,99.39,-0.01,79.68,80.54,0.86,72.36,45,83.99,67,11.63,,72.31,71.5
2026-07-12 21:01:50,2026-07-13 00:01:50,1251,1088,65.41,64.0,79.9,55.99,135.0,1093,971,902,0,71.8,69.84,89.9,62.09,148.0,988,879,774,0.0,99.9,99.9,127.4,99.9,133.0,20,17,8,16.0,99.4,98.3,105.9,84.65,125.0,372,357,149,9.0,79.68,78.2,87.99,68.89,160.0,935,824,795,0,1286,470,394,4,240,178,,,,361,,,364,,,5,,,66,,,366,,,65.41,77.19,11.78,72.36,85.49,13.13,127.0,99.98,-27.02,99.4,99.39,-0.01,79.68,83.99,4.31,72.36,43,85.49,64,13.13,,76.1,71.5
2026-07-12 22:02:00,2026-07-13 01:02:00,1250,1086,65.41,64.0,79.9,55.99,135.0,1091,969,902,0,71.8,69.84,89.9,62.09,148.0,986,877,775,0.0,99.9,99.9,127.4,99.9,133.0,20,17,8,16.0,99.4,98.3,105.9,84.65,125.0,362,349,149,9.0,79.68,78.2,87.99,68.89,160.0,934,822,795,0.0,1286,456,396,2,245,187,,,,293,,,293,,,7,,,48,,,293,,,65.39,74.24,8.85,71.59,85.49,13.9,127.0,99.98,-27.02,99.4,99.39,-0.01,79.68,87.99,8.31,71.59,114,85.49,70,13.9,71.25,71.73,71.92
2026-07-12 23:00:06,2026-07-13 02:00:06,1251,1085,65.41,64.0,79.9,55.99,135.0,1091,967,902,0,71.8,69.84,89.9,62.09,148.0,986,876,775,0.0,99.9,99.9,127.4,99.9,133.0,20,17,8,16.0,99.4,98.3,105.9,84.65,125.0,362,348,149,9.0,79.68,78.2,87.99,68.89,160.0,934,820,795,0.0,1286,450,398,1,246,191,,,,214,,,228,,,12,,,32,,,199,,,65.39,74.24,8.85,71.59,85.49,13.9,127.0,99.98,-27.02,99.4,99.39,-0.01,79.68,87.99,8.31,71.59,114,85.49,70,13.9,71.25,71.73,71.92
2026-07-13 00:03:01,2026-07-13 03:03:01,1251,1085,65.41,64.0,79.9,55.99,135.0,1091,967,897,0,71.8,69.85,89.9,62.09,148.0,986,876,772,0.0,99.9,99.9,113.14,99.9,133.0,20,17,7,17.0,99.4,98.35,105.9,84.65,125.0,363,349,143,10,79.68,78.23,87.99,68.89,160.0,934,821,789,0.0,1286,441,377,3,251,214,,,,169,,,170,,,5,,,27,,,150,,,65.41,76.24,10.83,72.1,75.59,3.49,127.0,99.98,-27.02,99.4,99.39,-0.01,79.68,79.1,-0.58,72.1,164,75.59,90,3.49,71.8,72.06,72.74
2026-07-13 03:51:26,2026-07-13 06:51:26,1251,1058,65.41,64.0,79.9,55.99,135.0,1092,946,894,0.0,71.8,69.84,89.9,62.09,148.0,987,856,770,0,109.98,99.9,128.2,96.99,133.0,18,13,4,20.0,99.4,98.35,105.9,84.65,125.0,363,338,143,10,79.68,78.23,87.99,68.89,160.0,935,802,787,0,1286,446,336,1,221,282,,,,288,,,288,,,17,,,54,,,296,,,65.41,78.5,13.09,72.74,82.99,10.25,127.0,109.98,-17.02,99.4,99.39,-0.01,79.68,79.23,-0.45,72.74,132,82.99,85,10.25,71.8,72.31,72.74
2026-07-13 07:31:11,2026-07-13 10:31:11,1254,1083,65.41,64.0,79.9,55.99,135.0,1092,964,898,0.0,71.8,69.87,89.9,62.09,148.0,987,873,775,0,99.9,99.9,113.14,99.9,133.0,20,17,7,17.0,99.4,98.35,105.9,84.65,125.0,363,350,144,10,79.68,78.23,88.0,68.89,160.0,935,817,793,0,1286,524,328,2,164,268,,,,460,,,439,,,18,,,87,,,477,,,65.41,64.69,-0.72,72.74,82.49,9.75,127.0,99.98,-27.02,99.4,99.39,-0.01,79.68,80.09,0.41,72.74,69,82.49,63,9.75,70.92,92.44,72.55
2026-07-13 11:24:12,2026-07-13 14:24:12,1253,1089,65.41,64.0,79.9,55.99,135.0,1094,971,902,0.0,71.8,69.83,89.9,62.09,148.0,989,880,777,0,99.9,99.9,113.14,99.9,133.0,20,17,7,17.0,99.4,98.35,105.9,84.65,125.0,363,351,145,9,79.68,78.25,87.99,68.89,160.0,936,823,799,0.0,1287,507,379,5,174,222,,,,385,,,378,,,6,,,69,,,379,,,65.41,64.69,-0.72,72.74,82.49,9.75,127.0,99.98,-27.02,99.4,99.39,-0.01,79.68,79.28,-0.4,72.74,47,82.49,55,9.75,,72.58,71.97
2026-07-13 14:54:07,2026-07-13 17:54:07,1254,1097,65.41,64.01,79.9,55.99,135.0,1093,977,907,0,71.8,69.88,89.9,62.09,148.0,988,886,781,0.0,99.9,99.9,116.45,99.9,133.0,19,16,6,17,99.4,98.35,105.9,84.65,125.0,363,352,137,10,79.68,78.25,87.99,68.89,160.0,935,830,801,0,1287,547,360,8,195,177,,,,454,,,441,,,17,,,82,,,471,,,65.41,73.99,8.58,72.74,82.99,10.25,127.0,104.48,-22.52,99.4,99.39,-0.01,79.68,79.28,-0.4,72.74,39,82.99,67,10.25,,72.58,72.74
2026-07-13 17:20:26,2026-07-13 20:20:26,1254,1067,65.41,64.01,79.9,55.99,135.0,1093,949,909,0,71.8,69.88,89.9,62.09,148.0,988,859,786,0.0,99.9,99.9,113.14,99.9,133.0,20,17,7,17.0,99.4,98.35,105.9,84.65,125.0,363,335,145,10,79.68,78.24,87.99,68.89,160.0,935,804,804,0,1287,539,340,3,214,191,,,,462,,,438,,,9,,,75,,,464,,,65.41,64.69,-0.72,72.74,82.99,10.25,127.0,99.98,-27.02,99.4,99.39,-0.01,79.68,79.1,-0.58,72.74,32,82.99,49,10.25,,72.58,71.5
2026-07-13 19:41:06,2026-07-13 22:41:06,1255,1093,65.41,64.01,79.9,55.99,135.0,1093,973,908,0,71.8,69.89,89.9,62.09,148.0,988,881,787,0.0,99.9,99.9,119.76,99.9,133.0,18,14,5,17.5,99.4,98.35,105.9,84.65,125.0,362,351,145,9.0,79.68,78.23,87.99,68.89,160.0,935,825,801,0,1287,507,341,3,232,204,,,,377,,,379,,,13,,,64,,,371,,,65.41,64.69,-0.72,72.31,82.99,10.68,127.0,108.98,-18.02,99.4,99.39,-0.01,79.68,79.07,-0.61,72.31,29,82.99,47,10.68,,72.58,71.5
2026-07-13 21:07:22,2026-07-14 00:07:22,1254,1094,65.41,64.0,79.9,55.99,135.0,1093,974,911,0,71.8,69.88,89.9,62.09,148.0,988,882,791,0.0,99.9,99.9,113.14,99.9,133.0,20,16,7,17.0,99.4,98.35,105.9,84.65,125.0,363,352,145,9,79.68,78.23,87.99,68.89,160.0,935,826,803,0,1287,493,339,3,237,215,,,,314,,,325,,,12,,,53,,,315,,,65.41,64.69,-0.72,72.02,86.94,14.92,127.0,99.98,-27.02,99.4,99.39,-0.01,79.68,79.07,-0.61,72.02,27,86.94,46,14.92,,72.31,71.5
2026-07-13 23:03:48,2026-07-14 02:03:48,1249,1089,65.41,64.01,79.9,55.99,135.0,1089,971,912,-1,71.8,69.88,89.9,62.09,148.0,985,879,792,-1,99.9,99.9,113.14,99.9,133.0,20,16,7,17.0,99.4,98.35,109.9,84.65,125.0,355,344,146,9,79.68,78.25,91.99,68.89,160.0,931,822,803,-1,1287,469,328,2,244,244,,,,219,,,212,,,7,,,41,,,204,,,65.05,77.99,12.94,71.25,86.99,15.74,,99.9,,98.8,109.9,11.1,79.4,91.99,12.59,71.25,452,86.99,144,15.74,71.25,71.7,72.24
2026-07-14 00:02:00,2026-07-14 03:02:00,1251,1087,65.41,64.03,79.9,55.99,135.0,1089,969,904,0,71.8,69.87,89.06,62.09,148.0,985,877,788,0,99.9,99.9,99.9,99.9,99.9,20,16,6,18.0,99.4,98.35,109.9,84.65,125.0,355,342,134,10,79.68,78.25,91.99,68.89,160.0,932,823,795,0.0,1287,467,318,2,240,260,,,,164,,,160,,,4,,,33,,,154,,,65.41,78.5,13.09,71.93,73.53,1.6,127.0,99.98,-27.02,99.4,99.39,-0.01,79.68,79.42,-0.26,71.93,166,73.53,88,1.6,71.8,72.06,72.74
2026-07-14 03:24:17,2026-07-14 06:24:17,1251,1086,65.41,64.04,79.9,55.99,135.0,1091,970,905,0,71.8,69.87,89.06,62.09,148.0,987,878,788,0,99.9,99.9,99.9,99.9,99.9,20,16,6,18.0,99.4,98.35,109.9,84.65,125.0,356,342,135,10.0,79.68,78.25,91.99,68.89,160.0,933,822,794,0,1287,490,252,2,197,346,,,,202,,,221,,,39,,,49,,,210,,,65.41,78.49,13.08,71.93,75.59,3.66,127.0,99.98,-27.02,99.4,99.39,-0.01,79.68,79.37,-0.31,71.93,142,75.59,81,3.66,71.4,71.94,72.47
2026-07-14 06:20:15,2026-07-14 09:20:15,1250,1097,65.41,64.04,79.9,55.99,135.0,1091,979,915,0,71.8,69.88,88.02,62.09,148.0,987,885,795,0,99.9,99.9,99.9,99.9,99.9,20,16,6,18.0,99.4,98.35,109.9,84.65,125.0,355,343,135,10,79.75,78.28,91.99,68.89,160.0,934,832,799,0.0,1287,569,249,1,132,336,,,,462,,,468,,,20,,,96,,,495,,,65.41,67.5,2.09,72.21,79.94,7.73,127.0,99.98,-27.02,99.4,99.39,-0.01,79.68,79.42,-0.26,72.21,67,79.94,58,7.73,71.0,88.23,72.21
2026-07-14 09:11:50,2026-07-14 12:11:50,1254,1103,65.41,64.04,79.9,55.99,135.0,1092,986,917,0.0,71.8,69.89,89.9,62.09,148.0,988,891,804,0.0,99.9,99.9,99.9,99.9,99.9,20,16,6,18.0,99.4,98.35,109.9,84.65,125.0,355,344,134,10,79.76,78.3,91.99,68.89,160.0,936,839,802,0.0,1287,556,234,0,185,312,,,,385,,,397,,,8,,,60,,,403,,,65.41,64.69,-0.72,71.92,82.49,10.57,127.0,99.98,-27.02,99.4,99.39,-0.01,79.68,79.28,-0.4,71.92,50,82.49,43,10.57,70.97,71.4,71.92
2026-07-14 11:39:08,2026-07-14 14:39:08,1254,1108,65.41,64.04,79.9,55.99,135.0,1093,989,920,0,71.8,69.9,89.9,62.09,148.0,989,894,808,0,99.9,99.9,99.9,99.9,99.9,21,18,6,18,99.4,98.39,109.9,84.65,125.0,355,344,132,10,79.81,78.3,91.99,68.89,160.0,937,842,807,0,1287,576,240,0,192,279,,,,419,,,436,,,12,,,60,,,423,,,65.41,64.69,-0.72,71.5,82.49,10.99,127.0,99.98,-27.02,99.4,99.39,-0.01,79.68,79.41,-0.27,71.5,40,82.49,43,10.99,70.97,71.4,71.5
2026-07-14 14:05:34,2026-07-14 17:05:34,1253,1112,65.41,64.04,79.9,55.99,135.0,1092,993,923,0.0,71.8,69.9,89.9,62.09,148.0,988,897,813,0.0,99.9,99.9,99.9,99.9,99.9,21,18,6,18,99.4,98.39,109.9,84.65,125.0,354,344,132,10.0,79.81,78.29,91.99,68.89,160.0,936,846,812,0.0,1287,582,258,1,196,250,,,,391,,,411,,,13,,,57,,,391,,,65.41,64.69,-0.72,71.5,82.5,11.0,127.0,99.98,-27.02,99.4,99.39,-0.01,79.68,79.54,-0.14,71.5,31,82.5,36,11.0,70.97,71.4,71.5
2026-07-14 16:22:38,2026-07-14 19:22:38,1253,1112,65.41,64.05,79.9,55.99,135.0,1092,993,926,0.0,71.8,69.9,89.9,62.09,148.0,988,898,815,0.0,99.9,99.9,99.9,99.9,99.9,21,18,6,18,99.4,98.35,109.9,84.65,125.0,355,344,133,10,79.81,78.29,91.99,68.89,160.0,938,848,814,0.0,1287,553,266,1,227,240,,,,411,,,427,,,16,,,66,,,431,,,65.41,64.69,-0.72,71.5,82.5,11.0,127.0,99.98,-27.02,99.4,99.39,-0.01,79.68,79.54,-0.14,71.5,30,82.5,35,11.0,70.97,71.0,71.5
2026-07-14 18:11:38,2026-07-14 21:11:38,1253,1114,65.41,64.05,79.9,55.99,135.0,1092,995,930,0.0,71.8,69.9,89.98,62.09,148.0,988,900,820,0.0,99.9,99.9,99.9,99.9,99.9,21,18,6,18,99.4,98.35,109.9,84.65,125.0,355,344,133,10,79.83,78.3,91.99,68.89,160.0,938,850,818,0.0,1287,564,268,3,196,256,,,,428,,,429,,,14,,,57,,,428,,,65.41,64.69,-0.72,71.5,82.49,10.99,127.0,99.98,-27.02,99.4,99.39,-0.01,79.68,79.07,-0.61,71.5,27,82.49,33,10.99,71.8,71.4,71.5
2026-07-14 20:19:27,2026-07-14 23:19:27,1250,1082,65.41,64.05,79.9,55.99,135.0,1091,965,931,0,71.8,69.9,89.98,62.09,148.0,987,870,821,0,99.9,99.9,99.9,99.9,99.9,21,17,6,18,99.4,98.35,109.9,84.65,125.0,355,330,133,10,79.81,78.3,91.99,68.89,160.0,937,821,819,0,1287,542,259,4,214,268,,,,341,,,358,,,12,,,51,,,339,,,65.41,64.69,-0.72,71.5,82.49,10.99,127.0,99.98,-27.02,99.4,99.39,-0.01,79.68,79.07,-0.61,71.5,27,82.49,33,10.99,71.8,71.4,71.5
2026-07-14 22:06:55,2026-07-15 01:06:55,1249,1112,65.41,64.05,79.9,55.99,135.0,1089,994,931,0,71.8,69.9,89.99,62.09,148.0,985,899,822,0,99.9,99.9,99.9,99.9,99.9,21,18,6,18,99.4,98.35,109.9,84.65,125.0,348,338,133,10.0,79.85,78.3,91.99,68.89,160.0,935,849,820,0,1287,520,255,3,225,284,,,,269,,,275,,,4,,,40,,,249,,,65.11,64.69,-0.42,71.5,75.59,4.09,127.0,99.98,-27.02,99.4,99.39,-0.01,79.68,91.99,12.31,71.5,101,75.59,39,4.09,71.25,71.7,71.5
2026-07-14 23:59:48,2026-07-15 02:59:48,1250,1093,65.41,64.05,79.9,55.99,135.0,1089,977,930,-1,71.8,69.9,89.99,62.09,148.0,985,883,821,-1,109.9,104.9,109.9,99.9,109.9,21,18,6,18,99.4,98.35,109.9,84.65,125.0,348,328,134,10.0,79.85,78.3,91.99,68.89,160.0,935,835,821,-1,1287,500,250,3,222,312,,,,162,,,176,,,3,,,29,,,164,,,65.05,77.99,12.94,71.25,86.99,15.74,,109.9,,98.8,109.9,11.1,79.32,91.99,12.67,71.25,459,86.99,133,15.74,71.25,71.52,71.72
2026-07-15 03:21:27,2026-07-15 06:21:27,1249,1113,65.41,64.05,79.98,55.99,135.0,1090,996,924,0.0,71.8,69.9,91.49,62.09,148.0,986,901,810,0.0,109.9,104.9,109.9,99.9,109.9,22,19,6,19.5,99.4,98.8,109.9,84.65,125.0,347,337,125,11,79.85,78.29,91.99,68.89,160.0,936,851,814,0.0,1287,464,208,1,217,397,,,,157,,,162,,,0,,,23,,,160,,,65.6,78.49,12.89,72.19,86.99,14.8,127.0,109.9,-17.1,99.4,99.39,-0.01,80.03,80.99,0.96,72.19,155,86.99,92,14.8,71.8,71.76,72.8
2026-07-15 06:23:56,2026-07-15 09:23:56,1253,1099,65.41,64.05,79.98,55.99,135.0,1091,981,927,0,71.8,69.9,91.49,62.09,148.0,987,889,817,0,109.9,104.9,109.9,99.9,109.9,22,19,6,19.5,99.4,98.57,109.9,84.65,125.0,348,334,126,11.0,79.85,78.3,91.99,68.89,160.0,937,836,817,0,1287,540,210,1,172,364,,,,436,,,469,,,9,,,60,,,472,,,65.6,67.25,1.65,72.41,86.99,14.58,127.0,109.9,-17.1,99.4,99.39,-0.01,80.03,80.99,0.96,72.41,76,86.99,65,14.58,71.8,71.4,72.66
2026-07-15 09:17:53,2026-07-15 12:17:53,1254,1109,65.41,64.05,79.98,55.99,135.0,1092,989,931,0.0,71.8,69.9,91.49,62.09,148.0,988,897,818,0.0,109.9,104.9,109.9,99.9,109.9,22,19,6,19.5,99.4,98.35,109.9,84.65,125.0,347,334,128,11,79.85,78.3,91.99,68.89,160.0,938,844,819,0.0,1287,565,197,2,191,332,,,,430,,,436,,,8,,,58,,,420,,,65.61,64.89,-0.72,72.04,91.9,19.86,127.0,109.9,-17.1,99.4,99.39,-0.01,80.03,89.98,9.95,72.04,44,91.9,56,19.86,71.8,70.36,72.14
2026-07-15 11:42:37,2026-07-15 14:42:37,1254,1105,65.41,64.05,79.98,55.99,135.0,1093,987,931,0,71.8,69.9,91.49,62.09,148.0,989,895,818,0,109.9,104.9,109.9,99.9,109.9,22,19,6,19.5,99.4,98.35,109.9,84.65,125.0,348,334,129,11.0,79.85,78.3,91.99,68.89,160.0,939,842,819,0,1287,559,232,5,200,291,,,,360,,,388,,,10,,,55,,,350,,,65.61,64.89,-0.72,71.92,91.9,19.98,127.0,109.9,-17.1,99.4,99.39,-0.01,80.03,91.9,11.87,71.92,37,91.9,51,19.98,71.8,70.12,72.03
2026-07-15 14:02:21,2026-07-15 17:02:21,1254,1108,65.41,64.05,79.98,55.99,135.0,1093,989,932,0,71.8,69.9,91.82,62.09,148.0,989,896,823,0,109.9,104.9,109.9,99.9,109.9,22,19,6,19.5,99.4,98.35,109.9,84.65,125.0,347,333,129,11,79.85,78.3,91.99,68.89,160.0,939,843,820,0,1287,572,235,5,219,256,,,,367,,,393,,,10,,,58,,,372,,,65.61,64.89,-0.72,71.92,91.9,19.98,127.0,109.9,-17.1,99.4,99.39,-0.01,80.03,91.9,11.87,71.92,35,91.9,48,19.98,71.8,70.12,72.14
2026-07-15 15:42:17,2026-07-15 18:42:17,1254,1051,65.41,64.05,81.52,55.99,135.0,1093,933,933,0,71.8,69.9,91.78,62.09,148.0,989,842,824,0,109.9,104.9,109.9,99.9,109.9,22,19,6,19.5,99.4,98.35,109.9,84.65,125.0,347,304,129,11,79.85,78.3,91.99,68.89,160.0,939,797,821,0,1287,597,232,4,223,231,,,,454,,,467,,,6,,,71,,,459,,,65.61,64.89,-0.72,72.03,91.9,19.87,127.0,109.9,-17.1,99.4,99.39,-0.01,80.03,91.9,11.87,72.03,34,91.9,49,19.87,71.8,70.12,72.14
2026-07-15 17:26:12,2026-07-15 20:26:12,1254,1108,65.41,64.05,81.9,55.99,135.0,1093,989,936,0,71.8,69.9,91.9,62.09,148.0,989,895,824,0,109.9,105.9,115.94,99.9,125.0,22,19,7,19.5,99.4,98.35,109.9,84.65,125.0,348,333,129,11.0,79.85,78.3,91.99,68.89,160.0,939,841,822,0,1287,593,241,2,217,234,,,,434,,,438,,,9,,,55,,,418,,,65.61,64.89,-0.72,72.14,91.9,19.76,127.0,109.9,-17.1,99.4,99.39,-0.01,80.03,91.9,11.87,72.14,32,91.9,49,19.76,71.8,70.12,72.14
2026-07-15 19:25:23,2026-07-15 22:25:23,1252,1105,65.41,64.05,80.56,55.99,135.0,1092,987,938,0.0,71.8,69.9,91.65,62.09,148.0,988,894,827,0.0,109.9,105.9,115.94,99.9,125.0,22,19,7,19.5,99.4,98.35,109.9,84.65,125.0,348,331,131,11.0,79.85,78.3,91.99,68.89,160.0,938,839,825,0.0,1287,339,700,0,131,117,,,,190,,,205,,,6,,,23,,,191,,,65.61,64.84,-0.77,72.14,91.9,19.76,127.0,109.9,-17.1,99.4,99.39,-0.01,80.03,91.9,11.87,72.14,32,91.9,48,19.76,71.8,70.12,72.14
2026-07-15 21:10:34,2026-07-16 00:10:34,1251,1104,65.41,64.05,80.56,55.99,135.0,1091,985,938,0,71.8,69.9,91.69,62.09,148.0,987,891,826,0,109.9,105.9,115.94,99.9,125.0,22,19,7,19.5,99.4,98.35,109.9,84.65,125.0,348,331,132,11.0,79.85,78.3,91.99,68.89,160.0,937,839,824,0,1287,564,232,0,213,278,,,,273,,,297,,,2,,,51,,,273,,,65.61,64.89,-0.72,72.14,91.9,19.76,127.0,109.9,-17.1,99.4,99.39,-0.01,80.03,91.9,11.87,72.14,31,91.9,48,19.76,71.8,71.16,72.14
2026-07-15 23:06:13,2026-07-16 02:06:13,1251,1097,65.41,64.05,81.71,55.99,135.0,1091,979,942,-1,71.8,69.9,90.14,62.09,148.0,986,886,830,-1.0,109.9,99.96,114.43,99.9,125.0,22,19,8,19.0,99.4,98.35,109.9,84.65,125.0,340,321,133,10.5,79.85,78.3,91.99,68.89,160.0,936,832,827,-1.0,1287,537,227,0,211,312,,,,172,,,192,,,1,,,32,,,167,,,65.05,77.99,12.94,71.25,86.99,15.74,,109.9,,98.8,109.9,11.1,79.39,91.99,12.6,71.25,461,86.99,146,15.74,71.25,71.52,72.38
2026-07-16 03:28:10,2026-07-16 06:28:10,1250,1082,65.41,64.05,81.9,55.99,135.0,1090,967,930,0.0,71.8,69.9,89.98,62.09,148.0,985,875,826,0,109.9,99.96,114.43,99.9,125.0,22,19,8,20.0,99.4,98.35,109.9,84.65,125.0,340,315,131,11.5,79.85,78.3,91.99,68.89,145.0,935,819,822,0,1287,466,194,1,183,443,,,,145,,,154,,,1,,,17,,,141,,,65.61,78.49,12.88,72.22,85.0,12.78,127.0,109.9,-17.1,99.4,99.39,-0.01,80.03,80.99,0.96,72.22,154,85.0,99,12.78,71.8,72.19,72.47
2026-07-16 06:27:01,2026-07-16 09:27:01,1255,1106,65.41,64.05,79.93,55.99,135.0,1093,988,938,0,71.8,69.9,89.92,62.09,148.0,988,895,828,0.0,109.9,104.94,117.45,99.98,125.0,20,17,6,20.0,99.4,98.35,109.9,84.65,125.0,340,320,131,11.5,79.85,78.3,91.99,68.89,145.0,938,842,825,0.0,1287,556,164,0,128,439,,,,418,,,463,,,8,,,62,,,433,,,65.61,78.5,12.89,72.14,88.44,16.3,127.0,109.9,-17.1,99.4,99.39,-0.01,80.03,91.9,11.87,72.14,85,88.44,80,16.3,71.8,71.46,72.19
2026-07-16 09:22:02,2026-07-16 12:22:02,1252,1111,65.4,64.05,79.96,55.99,135.0,1092,992,944,0.0,71.8,69.9,89.9,62.09,148.0,987,896,835,0,109.9,99.96,114.43,99.9,125.0,22,19,8,20.0,99.4,98.35,109.9,84.65,125.0,341,326,131,12,79.85,78.3,91.99,68.89,145.0,937,852,829,0,1287,560,167,0,128,432,,,,322,,,357,,,3,,,48,,,354,,,65.61,74.75,9.14,72.14,88.44,16.3,127.0,109.9,-17.1,99.4,99.39,-0.01,80.03,91.9,11.87,72.14,56,88.44,68,16.3,70.92,71.46,72.14
2026-07-16 09:49:32,2026-07-16 12:49:32,1251,1109,65.4,64.05,79.96,55.99,135.0,1092,991,944,0.0,71.8,69.9,89.9,62.09,148.0,987,895,835,0,,,,,,22,19,8,20.0,99.4,98.35,109.9,84.65,125.0,341,326,131,12,79.85,78.3,91.99,68.89,145.0,937,851,829,0,1287,561,170,0,132,424,,,,318,,,347,,,4,,,44,,,338,,,65.61,74.75,9.14,72.14,88.44,16.3,127.0,109.9,-17.1,99.4,99.39,-0.01,80.03,91.9,11.87,72.14,56,88.44,68,16.3,70.92,71.46,72.14
2026-07-16 09:55:25,2026-07-16 12:55:25,1253,1111,65.4,64.05,79.96,55.99,135.0,1092,991,944,0.0,71.8,69.9,89.9,62.09,148.0,987,895,835,0,,,,,,22,19,8,20.0,99.4,98.35,109.9,84.65,125.0,341,326,131,12,79.85,78.3,91.99,68.89,145.0,937,851,829,0,1287,561,170,0,132,424,,,,318,,,347,,,4,,,44,,,338,,,65.61,74.75,9.14,72.14,89.9,17.76,127.0,109.9,-17.1,99.4,99.39,-0.01,80.03,91.9,11.87,72.14,57,89.9,67,17.76,70.92,71.46,72.14
2026-07-16 11:01:45,2026-07-16 14:01:45,1250,1111,65.4,64.05,79.96,55.99,135.0,1088,990,944,0.0,71.8,69.9,89.9,62.09,148.0,983,895,837,0,,,,,,22,19,8,20.0,99.4,98.35,109.9,84.65,125.0,340,326,131,11.5,79.85,78.3,91.99,68.89,145.0,933,850,831,0,1287,576,181,1,132,397,,,,306,,,330,,,4,,,38,,,302,,,65.61,77.0,11.39,72.14,89.9,17.76,127.0,109.9,-17.1,99.4,99.39,-0.01,80.03,91.9,11.87,72.14,44,89.9,65,17.76,70.92,71.52,72.14
2026-07-16 11:47:55,2026-07-16 14:47:55,1250,1106,65.4,64.05,79.96,55.99,135.0,1088,986,944,0.0,71.8,69.9,89.9,62.09,148.0,983,893,837,0,,,,,,22,19,7,20.0,99.4,98.35,109.9,84.65,125.0,340,326,131,11.5,79.85,78.3,91.99,68.89,145.0,933,846,831,0,1287,579,201,1,130,376,,,,298,,,325,,,8,,,35,,,297,,,65.61,77.99,12.38,72.14,91.9,19.76,127.0,109.9,-17.1,99.4,99.39,-0.01,80.03,91.9,11.87,72.14,46,91.9,65,19.76,70.92,70.85,72.14
2026-07-16 14:13:43,2026-07-16 17:13:43,1249,1105,65.41,64.05,79.95,55.99,135.0,1089,986,945,0,71.8,69.9,89.9,62.09,148.0,984,893,840,0.0,,,,,,22,19,8,20.0,99.4,98.35,109.9,84.65,125.0,341,327,132,11,79.85,78.3,91.99,68.89,145.0,934,849,831,0.0,1287,628,185,4,141,329,,,,380,,,386,,,13,,,54,,,378,,,65.61,77.0,11.39,72.14,91.9,19.76,127.0,109.9,-17.1,99.4,99.39,-0.01,80.03,91.9,11.87,72.14,33,91.9,61,19.76,71.8,72.19,71.93
2026-07-16 16:25:17,2026-07-16 19:25:17,1249,1103,65.41,64.05,79.92,55.99,135.0,1088,983,949,0.0,71.8,69.91,89.96,62.09,148.0,983,891,843,0,,,,,,22,19,8,20.0,99.4,98.35,109.9,84.65,125.0,340,327,132,11.0,79.85,78.3,91.99,68.89,145.0,933,846,833,0,1287,645,204,3,131,304,,,,409,,,426,,,5,,,55,,,418,,,65.61,64.89,-0.72,71.76,86.99,15.23,127.0,109.9,-17.1,99.4,99.39,-0.01,80.03,91.9,11.87,71.76,28,86.99,47,15.23,71.8,72.19,71.72
2026-07-16 18:13:35,2026-07-16 21:13:35,1248,1101,65.39,64.05,79.92,55.99,135.0,1088,982,949,0.0,71.8,69.91,89.96,62.09,148.0,983,890,843,0,,,,,,22,19,8,20.0,99.4,98.35,109.9,84.65,125.0,340,326,133,11.0,79.85,78.3,91.99,68.89,145.0,933,846,832,0,1287,636,215,2,129,305,,,,406,,,421,,,10,,,48,,,416,,,65.61,64.84,-0.77,71.76,86.99,15.23,127.0,109.9,-17.1,99.4,99.39,-0.01,80.03,91.9,11.87,71.76,28,86.99,44,15.23,71.8,72.19,71.72
2026-07-16 20:07:58,2026-07-16 23:07:58,1251,1103,65.41,64.05,81.9,55.99,135.0,1088,982,950,0.0,71.8,69.91,89.99,62.09,148.0,983,890,844,0,,,,,,22,19,8,20.0,99.4,98.35,109.9,84.65,125.0,340,326,133,11.0,79.85,78.3,91.99,68.89,145.0,933,846,834,0,1287,628,212,3,136,308,,,,346,,,360,,,6,,,46,,,346,,,65.61,64.89,-0.72,71.72,86.99,15.27,127.0,109.9,-17.1,99.4,99.39,-0.01,80.03,91.9,11.87,71.72,29,86.99,44,15.27,71.8,71.34,71.72
2026-07-16 22:11:13,2026-07-17 01:11:13,1247,1105,65.41,64.05,81.9,55.99,135.0,1086,986,948,0.0,71.8,69.9,91.34,62.09,148.0,982,893,842,0.0,,,,,,22,19,8,20.0,99.4,98.35,109.9,84.65,125.0,327,313,133,10,79.85,78.3,91.99,68.89,145.0,929,846,834,0,1287,602,205,2,150,328,,,,242,,,245,,,6,,,27,,,236,,,65.32,64.89,-0.43,71.72,84.0,12.28,127.0,109.9,-17.1,99.4,99.39,-0.01,79.7,91.99,12.29,71.72,108,84.0,48,12.28,71.25,71.92,71.72
2026-07-17 00:06:47,2026-07-17 03:06:47,1247,1105,65.49,64.05,81.9,55.99,135.0,1087,987,941,0,71.8,69.95,91.49,62.09,148.0,983,894,841,0,,,,,,21,18,8,21,99.4,98.35,109.9,84.65,123.5,328,314,130,10.0,79.87,78.39,91.99,68.89,145.0,930,847,832,0.0,1287,570,202,2,152,361,,,,145,,,136,,,3,,,23,,,135,,,65.61,78.49,12.88,72.19,82.49,10.3,127.0,109.9,-17.1,99.4,99.39,-0.01,80.03,81.09,1.06,72.19,195,82.49,109,10.3,71.8,72.19,72.96
2026-07-17 04:15:33,2026-07-17 07:15:33,1249,1028,65.49,64.05,81.9,55.99,135.0,1087,915,941,0,71.8,69.95,91.49,62.09,148.0,983,825,841,0,,,,,,22,19,9,21.0,99.4,98.35,109.9,84.65,123.5,329,280,131,10,79.87,78.39,91.99,68.89,145.0,930,780,831,0.0,1287,501,180,1,148,457,,,,219,,,222,,,7,,,25,,,218,,,65.61,81.9,16.29,72.28,82.49,10.21,127.0,109.9,-17.1,99.4,99.39,-0.01,80.03,85.24,5.21,72.28,162,82.49,105,10.21,70.55,72.19,72.8
2026-07-17 07:24:58,2026-07-17 10:24:58,1246,1079,65.49,64.05,80.37,55.99,135.0,1082,959,949,0.0,71.8,69.95,89.99,62.09,148.0,978,869,845,0.0,,,,,,22,18,9,21.0,99.4,98.35,109.9,84.65,130.0,328,306,135,9.5,79.87,78.39,91.99,68.89,145.0,926,818,831,0.0,1287,537,175,1,124,450,,,,398,,,407,,,8,,,41,,,391,,,65.61,77.0,11.39,72.24,77.79,5.55,127.0,109.9,-17.1,99.4,99.39,-0.01,80.03,91.9,11.87,72.24,68,77.79,78,5.55,70.15,73.09,72.22
2026-07-17 10:07:40,2026-07-17 13:07:40,1242,1102,65.49,64.05,79.98,55.99,135.0,1081,983,952,0,71.8,69.95,89.9,62.09,148.0,977,889,845,0,,,,,,22,19,9,21.0,99.4,98.35,109.9,84.65,123.5,326,315,133,10.0,79.87,78.39,91.99,68.89,145.0,925,844,832,0,1287,554,205,1,118,409,,,,326,,,345,,,8,,,38,,,316,,,65.61,77.99,12.38,72.14,85.49,13.35,127.0,109.9,-17.1,99.4,99.39,-0.01,80.03,91.9,11.87,72.14,41,85.49,72,13.35,,71.34,71.93
2026-07-17 12:17:31,2026-07-17 15:17:31,1244,1030,65.49,64.05,78.5,55.99,135.0,1083,915,952,0,71.8,69.95,89.9,62.09,148.0,979,828,847,0,,,,,,22,19,9,21.0,99.4,98.35,109.9,84.65,123.5,328,277,133,10.0,79.87,78.39,91.99,68.89,145.0,927,780,833,0,1287,607,203,3,109,365,,,,339,,,362,,,10,,,44,,,332,,,65.61,77.0,11.39,71.72,86.99,15.27,127.0,109.9,-17.1,99.4,99.39,-0.01,80.03,91.9,11.87,71.72,38,86.99,63,15.27,,71.4,71.72
2026-07-17 14:50:18,2026-07-17 17:50:18,1244,1083,65.5,64.05,79.93,55.99,135.0,1082,965,958,0.0,71.8,69.95,89.99,62.09,148.0,978,868,853,0.0,,,,,,21,18,9,21,99.4,98.35,109.9,84.65,130.0,327,311,134,10,79.87,78.39,91.99,68.89,145.0,926,825,837,0.0,1287,647,218,2,102,318,,,,344,,,397,,,14,,,48,,,357,,,65.61,77.99,12.38,71.72,86.99,15.27,127.0,109.9,-17.1,99.4,99.39,-0.01,80.03,91.9,11.87,71.72,31,86.99,61,15.27,,71.34,71.72
2026-07-17 16:21:59,2026-07-17 19:21:59,1246,1104,65.5,64.05,79.93,55.99,135.0,1082,982,958,0.0,71.8,69.95,89.99,62.09,148.0,978,888,853,0.0,,,,,,22,19,9,21.0,99.4,98.35,109.9,84.65,130.0,328,318,135,9.5,79.87,78.39,91.99,68.89,145.0,926,844,838,0.0,1287,649,229,3,111,295,,,,343,,,381,,,7,,,43,,,345,,,65.61,65.11,-0.5,71.72,85.49,13.77,127.0,109.9,-17.1,99.4,99.39,-0.01,80.03,91.9,11.87,71.72,31,85.49,60,13.77,,71.34,71.72
2026-07-17 18:12:49,2026-07-17 21:12:49,1245,1103,65.5,64.05,79.94,55.99,135.0,1083,981,957,0,71.8,69.95,89.96,62.09,148.0,979,888,853,0,,,,,,22,19,9,21.0,99.4,98.35,109.9,84.65,123.5,327,316,134,10,79.87,78.39,91.99,68.89,145.0,927,844,837,0,1287,646,235,6,96,304,,,,321,,,333,,,12,,,46,,,308,,,65.61,77.0,11.39,71.72,86.99,15.27,127.0,109.9,-17.1,99.4,99.39,-0.01,80.03,91.9,11.87,71.72,33,86.99,58,15.27,,71.34,71.72
2026-07-17 20:12:09,2026-07-17 23:12:09,1242,1042,65.5,64.05,79.94,55.99,135.0,1082,925,956,0.0,71.8,69.95,89.97,62.09,148.0,978,839,852,0.0,,,,,,22,18,9,21.0,99.4,98.35,109.9,84.65,123.5,326,284,131,10.0,79.87,78.39,91.99,68.89,145.0,926,789,836,0.0,1287,633,237,5,100,312,,,,278,,,302,,,8,,,46,,,282,,,65.61,71.06,5.45,71.72,85.49,13.77,127.0,109.9,-17.1,99.4,99.39,-0.01,80.03,91.9,11.87,71.72,31,85.49,60,13.77,,71.34,71.72
2026-07-17 22:01:18,2026-07-18 01:01:18,1241,1094,65.5,64.05,79.2,55.99,135.0,1081,974,956,0,71.8,69.95,89.98,62.09,145.0,977,888,851,0,,,,,,21,17,8,21,99.4,98.35,109.9,84.65,123.5,326,309,130,10.5,79.87,78.39,91.99,68.89,145.0,925,835,836,0,1287,612,243,3,94,335,,,,229,,,237,,,4,,,38,,,233,,,65.61,71.06,5.45,71.72,85.49,13.77,127.0,109.9,-17.1,99.4,99.39,-0.01,80.03,91.9,11.87,71.72,30,85.49,60,13.77,,71.34,71.72
2026-07-17 22:58:50,2026-07-18 01:58:50,1241,1079,65.5,64.05,79.06,55.99,135.0,1079,958,957,0,71.8,69.95,89.97,62.09,145.0,975,872,852,0,,,,,,21,18,8,21,99.4,98.35,109.9,84.65,123.5,318,292,130,9.5,79.87,78.39,91.99,68.89,145.0,922,819,837,0.0,1287,602,239,3,101,342,,,,184,,,197,,,2,,,34,,,185,,,65.31,77.5,12.19,71.72,83.99,12.27,127.0,109.9,-17.1,99.4,99.39,-0.01,79.66,91.98,12.32,71.72,94,83.99,65,12.27,71.53,71.89,71.72
2026-07-17 23:59:18,2026-07-18 02:59:18,1240,1097,65.5,64.05,79.92,55.99,135.0,1080,976,959,-1.0,71.8,69.95,89.9,62.09,145.0,976,890,854,-1.0,,,,,,21,18,8,21,99.4,98.35,109.9,84.65,130.0,319,304,134,9,79.87,78.39,91.99,68.89,145.0,922,834,838,-1.0,1287,591,230,4,96,366,,,,120,,,136,,,0,,,27,,,119,,,65.05,77.99,12.94,71.25,86.99,15.74,,109.9,,98.8,109.9,11.1,79.4,91.99,12.59,71.25,458,86.99,160,15.74,71.25,71.56,71.72
2026-07-18 03:19:41,2026-07-18 06:19:41,1242,1100,65.6,64.05,78.64,55.99,135.0,1082,980,950,0.0,71.8,69.95,89.9,62.09,145.0,978,894,853,0.0,,,,,,21,18,7,22,99.4,98.16,109.9,84.65,130.0,321,308,130,9,79.87,78.39,91.99,68.89,145.0,924,838,837,0.0,1287,517,192,2,94,482,,,,85,,,87,,,0,,,13,,,92,,,65.61,78.24,12.63,72.24,75.59,3.35,127.0,109.9,-17.1,99.4,99.39,-0.01,80.03,81.09,1.06,72.24,179,75.59,113,3.35,70.15,72.04,72.88
2026-07-18 06:12:45,2026-07-18 09:12:45,1245,1095,65.6,64.05,78.5,55.99,135.0,1083,974,953,0,71.8,69.95,89.9,62.09,145.0,978,887,856,0.0,,,,,,21,18,7,22,99.4,98.16,109.9,84.65,130.0,322,306,130,9.5,79.87,78.39,91.99,68.89,145.0,925,833,838,0,1287,497,177,4,72,537,,,,232,,,242,,,3,,,28,,,248,,,65.61,78.24,12.63,72.24,77.79,5.55,127.0,109.9,-17.1,99.4,99.39,-0.01,80.03,87.74,7.71,72.24,140,77.79,106,5.55,71.8,72.12,72.72
2026-07-18 08:55:15,2026-07-18 11:55:15,1247,1090,65.6,64.05,79.48,55.99,135.0,1083,970,954,0,71.8,69.95,89.9,62.09,145.0,978,884,859,0.0,,,,,,21,18,7,22,99.4,98.29,109.9,84.65,130.0,322,306,129,9.5,79.87,78.39,91.99,68.89,145.0,925,830,839,0,1287,509,137,2,77,562,,,,303,,,325,,,4,,,47,,,310,,,65.61,77.99,12.38,72.14,82.5,10.36,127.0,109.9,-17.1,99.4,99.39,-0.01,80.03,91.9,11.87,72.14,101,82.5,104,10.36,70.97,71.47,72.14
2026-07-18 10:25:54,2026-07-18 13:25:54,1245,1056,65.6,64.05,78.5,55.99,135.0,1083,937,955,0,71.8,69.95,89.9,62.09,145.0,978,853,860,0.0,,,,,,21,18,7,22,99.4,98.02,109.9,84.65,130.0,320,294,131,9.0,79.87,78.39,91.99,68.89,145.0,925,796,839,0,1287,550,159,1,75,502,,,,323,,,344,,,6,,,56,,,335,,,65.61,77.5,11.89,72.14,84.5,12.36,127.0,109.9,-17.1,99.4,99.39,-0.01,80.03,91.9,11.87,72.14,88,84.5,94,12.36,70.97,71.51,72.14
2026-07-18 12:00:13,2026-07-18 15:00:13,1244,1073,65.5,64.05,78.5,55.99,135.0,1081,951,955,0,71.8,69.95,89.18,62.09,145.0,976,869,857,0.0,,,,,,21,18,7,22,99.4,98.02,109.9,84.65,125.0,318,294,131,9.0,79.87,78.39,91.99,68.89,145.0,924,810,837,0.0,1287,572,183,1,85,446,,,,313,,,340,,,6,,,54,,,328,,,65.61,77.99,12.38,72.14,85.0,12.86,127.0,109.9,-17.1,99.4,99.39,-0.01,80.03,91.9,11.87,72.14,86,85.0,93,12.86,71.8,71.43,72.14
2026-07-18 13:40:32,2026-07-18 16:40:32,1244,1087,65.5,64.05,78.5,55.99,135.0,1081,966,955,0,71.8,69.95,88.94,62.09,145.0,976,883,859,0.0,,,,,,21,18,7,22,99.4,97.64,109.9,84.65,125.0,318,304,134,9.0,79.87,78.39,91.99,68.89,145.0,924,826,838,0.0,1287,588,193,2,94,410,,,,315,,,338,,,3,,,40,,,327,,,65.61,78.24,12.63,72.14,86.99,14.85,127.0,109.9,-17.1,99.4,99.39,-0.01,80.03,91.9,11.87,72.14,78,86.99,86,14.85,71.8,71.43,72.14
2026-07-18 15:04:37,2026-07-18 18:04:37,1244,1051,65.5,64.05,78.5,55.99,135.0,1081,930,955,0,71.8,69.95,88.94,62.09,145.0,976,850,859,0.0,,,,,,21,18,7,22,99.4,97.64,109.9,84.65,125.0,318,280,134,9.0,79.87,78.39,91.99,68.89,145.0,924,795,838,0.0,1287,595,213,5,91,383,,,,304,,,315,,,3,,,42,,,308,,,65.61,77.99,12.38,72.14,86.99,14.85,127.0,109.9,-17.1,99.4,99.39,-0.01,80.03,91.9,11.87,72.14,72,86.99,84,14.85,70.88,71.53,72.14
2026-07-18 16:06:43,2026-07-18 19:06:43,1244,1090,65.5,64.05,79.06,55.99,135.0,1081,969,957,0,71.8,69.95,89.9,62.09,145.0,976,884,860,0.0,,,,,,21,18,7,22,99.4,97.64,109.9,84.65,125.0,320,306,134,9.0,79.87,78.39,91.99,68.89,145.0,924,831,838,0.0,1287,599,213,3,100,372,,,,288,,,301,,,3,,,45,,,283,,,65.61,78.49,12.88,72.14,90.9,18.76,127.0,109.9,-17.1,99.4,99.39,-0.01,80.03,91.9,11.87,72.14,62,90.9,82,18.76,70.88,71.51,72.14
2026-07-18 18:01:30,2026-07-18 21:01:30,1243,1084,65.5,64.05,79.06,55.99,135.0,1081,964,957,0,71.8,69.95,89.9,62.09,145.0,976,879,861,0.0,,,,,,20,17,6,22.5,99.4,97.64,109.9,84.65,125.0,319,303,134,9,79.87,78.39,91.99,68.89,145.0,925,827,839,0,1287,594,232,2,95,364,,,,287,,,305,,,3,,,42,,,275,,,65.61,81.9,16.29,72.14,91.9,19.76,127.0,109.9,-17.1,99.4,99.39,-0.01,80.03,91.9,11.87,72.14,58,91.9,84,19.76,69.95,71.85,72.14
2026-07-18 19:18:06,2026-07-18 22:18:06,1244,1091,65.55,64.05,78.92,55.99,135.0,1082,970,958,0.0,71.8,69.95,89.82,62.09,145.0,977,886,863,0,,,,,,21,18,7,22,99.4,97.48,109.9,84.65,125.0,321,307,136,9,79.87,78.39,91.99,68.89,145.0,926,833,840,0.0,1287,589,226,2,96,374,,,,254,,,275,,,4,,,43,,,247,,,65.61,81.9,16.29,72.19,91.9,19.71,127.0,109.9,-17.1,99.4,99.39,-0.01,80.03,91.9,11.87,72.19,53,91.9,78,19.71,69.95,71.85,72.14
2026-07-18 21:00:34,2026-07-19 00:00:34,1243,1091,65.5,64.05,78.5,55.99,135.0,1082,971,957,0.0,71.8,69.95,89.82,62.09,145.0,977,883,863,0,,,,,,21,18,6,22,99.4,97.51,109.9,84.65,125.0,319,304,137,8,79.87,78.39,91.99,68.89,145.0,926,834,839,0.0,1287,601,226,1,87,372,,,,236,,,242,,,6,,,40,,,223,,,65.61,81.9,16.29,72.19,91.9,19.71,127.0,109.9,-17.1,99.4,99.39,-0.01,80.03,91.9,11.87,72.19,51,91.9,79,19.71,,71.85,72.14
2026-07-18 21:58:25,2026-07-19 00:58:25,1243,1068,65.5,64.05,78.5,55.99,135.0,1083,953,958,0,71.8,69.95,89.82,62.09,145.0,977,865,863,0,,,,,,21,18,6,22,99.4,97.29,109.9,84.65,125.0,319,293,139,8,79.87,78.39,91.99,68.89,145.0,926,817,839,0.0,1287,578,222,1,90,396,,,,201,,,208,,,4,,,36,,,190,,,65.61,81.9,16.29,72.19,91.9,19.71,127.0,109.9,-17.1,99.4,99.39,-0.01,80.03,91.9,11.87,72.19,49,91.9,79,19.71,,71.85,72.14
2026-07-18 22:58:53,2026-07-19 01:58:53,1243,1096,65.5,64.05,78.5,55.99,135.0,1069,970,961,0,71.8,69.95,89.82,62.09,145.0,971,885,863,0,,,,,,17,14,4,22,99.4,97.32,109.9,84.65,125.0,302,290,140,6.0,79.87,78.39,91.99,68.89,145.0,920,838,840,0.0,1287,561,215,1,93,417,,,,139,,,146,,,3,,,30,,,140,,,65.6,81.9,16.3,71.8,91.9,20.1,127.0,109.98,-17.02,99.4,99.39,-0.01,79.6,91.9,12.3,71.8,96,91.9,87,20.1,71.8,72.11,72.14
2026-07-19 00:01:41,2026-07-19 03:01:41,1243,1080,65.5,64.05,78.5,55.99,135.0,1070,957,950,0.0,71.8,69.95,86.99,62.09,145.0,972,872,852,0.0,,,,,,17,14,5,23,99.39,97.05,109.9,84.65,130.0,304,285,142,6.0,79.87,78.39,91.99,68.89,145.0,921,826,828,0,1287,536,201,2,94,454,,,,100,,,109,,,1,,,19,,,95,,,65.61,69.28,3.67,72.14,74.59,2.45,127.0,109.94,-17.06,99.31,99.39,0.08,80.03,79.59,-0.44,72.14,206,74.59,97,2.45,71.8,72.04,72.88
2026-07-19 03:41:33,2026-07-19 06:41:33,1242,1085,65.5,64.05,78.5,55.99,135.0,1068,960,946,0.0,71.8,69.95,86.99,62.09,145.0,970,875,849,0.0,,,,,,19,16,6,23,99.39,97.0,109.9,84.65,125.0,302,290,141,6.0,79.95,78.43,91.99,68.89,145.0,919,827,827,0,1287,459,167,1,70,590,,,,83,,,85,,,1,,,12,,,89,,,65.61,72.49,6.88,72.27,75.39,3.12,127.0,109.94,-17.06,99.4,99.39,-0.01,80.03,80.09,0.06,72.27,188,75.39,96,3.12,71.8,72.17,72.96
2026-07-19 06:39:10,2026-07-19 09:39:10,1246,1091,65.5,64.05,78.5,55.99,135.0,1069,964,948,0,71.8,69.95,86.99,62.09,145.0,970,879,848,0.0,,,,,,19,16,4,24,99.39,97.0,109.9,84.65,125.0,302,289,141,6.0,79.95,78.44,91.99,68.89,145.0,920,830,827,0.0,1287,414,141,2,69,661,,,,207,,,217,,,4,,,30,,,205,,,65.61,74.75,9.14,72.24,75.59,3.35,127.0,109.94,-17.06,99.4,99.39,-0.01,80.03,81.09,1.06,72.24,162,75.59,93,3.35,71.8,72.04,72.96
2026-07-19 09:10:29,2026-07-19 12:10:29,1244,1090,65.47,64.05,78.5,55.99,135.0,1070,966,940,0.0,71.8,69.93,86.99,62.09,145.0,970,878,836,0.0,,,,,,19,15,6,23,98.8,96.6,109.9,84.65,125.0,303,290,131,8,79.97,78.43,91.99,68.89,145.0,921,831,830,0,1287,448,132,1,72,634,,,,310,,,327,,,10,,,56,,,312,,,65.61,77.99,12.38,72.58,75.59,3.01,127.0,109.94,-17.06,99.4,99.39,-0.01,80.03,86.5,6.47,72.58,121,75.59,81,3.01,71.8,72.04,72.96
2026-07-19 11:16:37,2026-07-19 14:16:37,1245,1090,65.49,64.05,78.5,55.99,135.0,1071,966,957,0,71.8,69.95,86.99,62.09,145.0,971,878,853,0,,,,,,18,14,5,23.0,99.39,96.9,109.9,84.65,125.0,305,290,146,6,79.98,78.39,91.99,68.89,145.0,921,832,831,0,1287,523,143,2,77,542,,,,330,,,345,,,8,,,63,,,326,,,65.61,77.5,11.89,72.96,83.99,11.03,127.0,109.98,-17.02,99.4,99.39,-0.01,80.03,87.49,7.46,72.96,100,83.99,73,11.03,71.8,73.99,72.96
2026-07-19 13:43:45,2026-07-19 16:43:45,1247,1102,65.5,64.05,78.5,55.99,135.0,1072,977,958,0.0,71.8,69.95,86.99,62.09,145.0,972,885,855,0.0,,,,,,19,15,6,23,99.39,96.94,109.9,84.65,130.0,307,295,148,6,79.98,78.39,91.99,68.89,145.0,922,841,832,0.0,1287,577,154,0,97,459,,,,330,,,353,,,7,,,54,,,326,,,65.61,77.0,11.39,72.96,84.5,11.54,127.0,109.94,-17.06,99.4,99.39,-0.01,80.03,91.9,11.87,72.96,83,84.5,68,11.54,71.8,73.99,72.96
2026-07-19 15:05:22,2026-07-19 18:05:22,1247,1098,65.5,64.05,78.5,55.99,135.0,1072,973,959,0.0,71.8,69.95,86.99,62.09,145.0,972,882,855,0.0,,,,,,19,15,6,23,99.39,97.03,109.9,84.65,130.0,307,294,146,6,79.98,78.43,91.99,68.89,145.0,922,836,832,0.0,1287,596,166,0,100,425,,,,318,,,344,,,7,,,56,,,311,,,65.61,77.99,12.38,72.47,85.0,12.53,127.0,109.94,-17.06,99.4,99.39,-0.01,80.03,91.9,11.87,72.47,71,85.0,62,12.53,71.8,73.02,72.41
2026-07-19 17:09:10,2026-07-19 20:09:10,1247,1105,65.5,64.05,78.5,55.99,135.0,1072,980,959,0.0,71.8,69.95,86.99,62.09,145.0,972,889,856,0.0,,,,,,19,15,6,23,99.39,97.05,109.9,84.65,125.0,305,291,147,6,79.98,78.43,91.99,68.89,145.0,922,841,832,0.0,1287,628,177,1,106,375,,,,300,,,323,,,8,,,56,,,301,,,65.61,81.9,16.29,72.36,83.99,11.63,127.0,109.94,-17.06,99.4,99.39,-0.01,80.03,91.9,11.87,72.36,59,83.99,57,11.63,71.8,73.99,72.24
2026-07-19 19:18:33,2026-07-19 22:18:33,1246,1067,65.5,64.05,78.5,55.99,135.0,1072,943,959,0.0,71.8,69.95,86.99,62.09,145.0,972,859,855,0.0,,,,,,19,14,5,23,99.39,96.96,109.9,84.65,125.0,305,272,149,5,80.0,78.43,91.99,68.89,145.0,922,809,832,0.0,1287,638,163,1,107,378,,,,267,,,288,,,4,,,55,,,273,,,65.61,81.9,16.29,72.24,83.99,11.75,127.0,109.9,-17.1,99.4,99.39,-0.01,80.03,91.9,11.87,72.24,57,83.99,57,11.75,71.8,73.99,72.22
2026-07-19 21:02:33,2026-07-20 00:02:33,1242,1101,65.32,64.05,81.9,55.99,135.0,1070,978,911,0.0,71.8,69.9,89.18,62.09,145.0,970,887,807,0.0,,,,,,18,14,5,23.0,98.8,96.54,99.99,84.65,125.0,303,289,120,10,79.99,78.43,91.99,68.89,145.0,920,841,831,0.0,1287,610,155,1,113,408,,,,214,,,223,,,2,,,41,,,214,,,65.61,77.99,12.38,72.24,85.0,12.76,127.0,109.98,-17.02,99.4,99.39,-0.01,80.03,91.9,11.87,72.24,51,85.0,56,12.76,71.8,73.99,72.19
2026-07-19 22:03:10,2026-07-20 01:03:10,1243,1077,65.32,64.05,80.94,55.99,135.0,1070,957,906,0.0,71.8,69.9,88.7,62.09,145.0,970,870,801,0.0,,,,,,18,12,5,23.0,98.8,96.53,99.99,84.65,125.0,303,284,117,10,79.99,78.43,91.99,68.89,145.0,919,819,829,0,1287,587,158,0,117,425,,,,175,,,175,,,3,,,32,,,175,,,65.61,77.99,12.38,72.24,85.0,12.76,127.0,109.98,-17.02,99.4,99.39,-0.01,80.03,91.9,11.87,72.24,51,85.0,57,12.76,71.8,73.99,72.19
2026-07-19 23:04:48,2026-07-20 02:04:48,1243,1093,65.49,64.05,78.5,55.99,135.0,1063,970,958,-1,71.8,69.95,86.99,62.09,145.0,961,877,850,-1,,,,,,17,13,6,23,99.39,96.59,109.9,84.65,130.0,293,279,148,4,80.0,78.43,91.99,68.89,145.0,913,832,831,-1,1287,564,153,0,115,455,,,,137,,,143,,,4,,,28,,,131,,,65.05,77.99,12.94,71.37,86.99,15.62,,117.45,,98.8,109.9,11.1,79.45,91.99,12.54,71.37,485,86.99,154,15.62,71.25,71.59,72.19
2026-07-20 00:07:53,2026-07-20 03:07:53,1241,1095,65.32,64.05,79.48,55.99,135.0,1063,973,924,0,71.8,69.9,87.73,62.09,145.0,961,879,819,0,,,,,,17,13,5,24,98.8,96.44,109.9,84.65,130.0,290,278,126,7.5,80.0,78.43,91.99,68.89,145.0,913,836,824,0,1287,535,161,0,110,481,,,,83,,,91,,,3,,,17,,,79,,,65.61,77.0,11.39,72.19,75.59,3.4,127.0,109.98,-17.02,99.4,109.9,10.5,80.03,88.0,7.97,72.19,201,75.59,110,3.4,71.8,72.04,72.58
2026-07-20 04:43:06,2026-07-20 07:43:06,1246,1098,65.5,64.05,78.5,55.99,135.0,1063,974,959,0,71.8,69.95,86.99,62.09,145.0,961,883,852,0,,,,,,17,13,5,24,99.39,96.54,109.9,84.65,130.0,294,281,149,3.5,80.0,78.43,91.99,68.89,145.0,913,837,824,0,1287,430,138,2,102,615,,,,190,,,202,,,4,,,29,,,199,,,65.61,77.0,11.39,72.38,85.25,12.87,127.0,109.98,-17.02,99.3,104.65,5.35,80.03,81.09,1.06,72.38,142,85.25,94,12.87,71.8,72.29,72.43
2026-07-20 08:14:04,2026-07-20 11:14:04,1247,1100,65.5,64.05,78.5,55.99,135.0,1063,974,966,0,71.8,69.95,86.99,62.09,145.0,961,883,856,0,,,,,,15,11,4,24,99.37,96.54,109.9,84.65,125.0,293,280,149,3,80.0,78.43,91.99,68.89,145.0,912,836,824,0.0,,,,,,,,,,,,,,,,,,,,,,,,,65.61,77.99,12.38,72.36,86.99,14.63,127.0,109.98,-17.02,98.8,104.65,5.85,80.03,91.4,11.37,72.36,71,86.99,70,14.63,,71.56,72.3
2026-07-20 11:53:34,2026-07-20 14:53:34,1246,1089,65.49,64.05,78.5,55.99,135.0,1064,964,960,0.0,71.8,69.94,86.99,62.09,145.0,962,872,849,0.0,,,,,,14,10,3,24.0,98.8,96.54,109.9,84.65,125.0,290,276,140,5.5,80.0,78.43,91.99,68.89,145.0,914,827,823,0.0,1287,517,170,3,90,507,,,,246,,,249,,,10,,,42,,,239,,,65.61,77.99,12.38,72.41,86.99,14.58,127.0,109.98,-17.02,99.09,104.65,5.56,80.03,91.9,11.87,72.41,50,86.99,67,14.58,,72.29,72.24
2026-07-20 14:26:58,2026-07-20 17:26:58,1247,1086,65.5,64.05,78.5,55.99,135.0,1064,960,969,0.0,71.8,69.95,86.99,62.09,145.0,962,867,860,0.0,,,,,,15,11,4,24,99.39,96.54,109.9,84.65,125.0,290,276,149,3.0,80.0,78.44,91.99,68.89,145.0,914,825,826,0.0,1287,575,180,3,92,437,,,,296,,,307,,,11,,,47,,,290,,,65.61,77.99,12.38,72.24,86.99,14.75,127.0,109.98,-17.02,99.1,104.65,5.55,80.03,91.9,11.87,72.24,41,86.99,61,14.75,,72.78,72.19
2026-07-20 16:39:34,2026-07-20 19:39:34,1263,1080,65.5,64.05,78.5,55.99,135.0,1062,954,968,0.0,71.8,69.95,86.99,62.09,145.0,960,866,860,0.0,,,,,,16,12,5,24.0,99.39,96.54,109.9,84.65,125.0,290,276,150,3.0,80.0,78.44,91.99,68.89,145.0,912,821,825,0.0,1287,586,202,3,105,391,,,,342,,,349,,,12,,,49,,,350,,,65.61,77.99,12.38,72.24,86.99,14.75,127.0,109.98,-17.02,98.94,104.65,5.71,80.03,91.9,11.87,72.24,40,86.99,60,14.75,,72.78,72.19
2026-07-20 19:00:23,2026-07-20 22:00:23,1260,1062,65.5,64.05,78.5,55.99,135.0,1062,932,969,0.0,71.8,69.95,86.99,62.09,145.0,959,844,859,0,,,,,,16,12,6,17.5,99.39,96.55,109.9,84.65,160.0,290,271,151,3.0,80.0,78.44,91.99,68.89,145.0,912,803,825,0.0,1287,584,210,1,107,385,,,,264,,,264,,,8,,,41,,,255,,,65.61,77.99,12.38,72.24,86.99,14.75,127.0,109.98,-17.02,99.4,104.65,5.25,80.03,91.4,11.37,72.24,40,86.99,57,14.75,,72.78,72.19
2026-07-20 20:35:30,2026-07-20 23:35:30,1257,1047,65.5,64.05,78.5,55.99,135.0,1065,919,970,0,71.8,69.95,87.39,62.09,145.0,962,831,863,0.0,,,,,,18,14,8,9.0,99.39,96.55,109.9,84.65,160.0,291,268,151,3,80.0,78.44,91.99,68.89,145.0,912,790,825,0.0,1287,593,196,1,104,393,,,,229,,,222,,,5,,,36,,,224,,,65.61,77.99,12.38,72.24,86.99,14.75,127.0,109.98,-17.02,99.4,104.65,5.25,80.03,91.4,11.37,72.24,39,86.99,60,14.75,,72.78,72.22
2026-07-20 22:08:20,2026-07-21 01:08:20,1252,1036,65.5,64.05,78.5,55.99,135.0,1066,911,971,0.0,71.8,69.95,87.39,62.09,145.0,962,820,863,0.0,,,,,,18,13,8,9.0,99.39,96.55,109.9,84.65,160.0,291,261,151,3,80.0,78.44,91.99,68.89,145.0,911,781,824,0,1287,579,193,0,106,409,,,,166,,,166,,,4,,,31,,,156,,,65.61,77.99,12.38,72.24,86.99,14.75,127.0,109.98,-17.02,99.4,104.65,5.25,80.03,91.4,11.37,72.24,40,86.99,59,14.75,,72.78,72.19
2026-07-21 00:04:52,2026-07-21 03:04:52,1254,1042,65.5,64.05,81.9,55.99,135.0,1064,918,971,0.0,71.8,69.95,89.72,62.09,145.0,963,833,863,0,,,,,,15,12,8,1,99.39,96.55,109.9,84.65,160.0,282,260,152,3.0,80.0,78.44,91.99,68.89,145.0,911,789,814,0,1287,582,178,1,88,438,,,,115,,,91,,,3,,,18,,,80,,,65.61,66.94,1.33,72.14,72.05,-0.09,127.0,117.49,-9.51,99.37,99.39,0.02,80.03,79.54,-0.49,72.14,225,72.05,100,-0.09,71.4,71.95,72.45
2026-07-21 03:38:07,2026-07-21 06:38:07,1261,1009,65.5,64.05,80.18,55.99,135.0,1064,885,970,0.0,71.8,69.95,88.94,62.09,145.0,963,802,863,0,,,,,,16,13,9,1.0,99.39,96.55,109.9,84.65,160.0,283,253,152,3,80.0,78.44,91.99,68.89,145.0,911,765,815,0,1287,526,133,0,75,553,,,,178,,,146,,,8,,,18,,,123,,,65.61,66.99,1.38,72.24,73.3,1.06,127.0,125.0,-2.0,98.8,99.39,0.59,80.03,80.59,0.56,72.24,199,73.3,94,1.06,71.0,72.04,72.47
2026-07-21 06:37:11,2026-07-21 09:37:11,1261,1013,65.5,64.05,78.5,55.99,130.0,1063,887,975,0,71.8,69.95,87.24,62.09,144.0,962,802,865,0.0,,,,,,16,13,9,1.0,99.39,96.55,109.9,84.65,160.0,281,257,152,3,80.0,78.44,91.99,68.89,145.0,911,766,817,0,1287,600,111,0,54,522,,,,459,,,396,,,12,,,54,,,315,,,65.61,66.99,1.38,72.69,74.78,2.09,127.0,125.0,-2.0,98.63,99.39,0.76,80.03,81.09,1.06,72.69,94,74.78,61,2.09,70.97,73.14,72.24
2026-07-21 09:33:07,2026-07-21 12:33:07,1263,1029,65.6,64.05,79.91,55.99,130.0,1065,901,980,0,71.8,69.95,87.42,62.09,144.0,963,815,869,0,,,,,,15,12,9,1,99.39,96.57,109.9,84.65,160.0,281,258,155,2,80.0,78.45,91.99,68.89,145.0,912,774,822,0.0,1287,680,119,0,43,445,,,,487,,,366,,,10,,,34,,,271,,,65.61,68.99,3.38,72.3,83.99,11.69,127.0,127.45,0.45,98.63,99.39,0.76,80.03,90.9,10.87,72.3,54,83.99,51,11.69,,71.37,72.14
2026-07-21 11:54:28,2026-07-21 14:54:28,1263,1050,65.5,64.05,79.95,55.99,130.0,1066,921,975,0.0,71.8,69.95,87.44,62.09,144.0,963,829,867,0,,,,,,15,12,8,1,99.39,96.62,109.9,84.65,160.0,282,260,152,3.0,80.0,78.45,91.99,68.89,145.0,913,791,823,0,,,,,,,,,,,,,,,,,,,,,,,,,65.61,68.99,3.38,72.14,83.99,11.85,127.0,127.45,0.45,98.32,99.39,1.07,80.03,91.9,11.87,72.14,45,83.99,49,11.85,,71.03,72.14
2026-07-21 14:14:05,2026-07-21 17:14:05,1263,1042,65.6,64.05,79.98,55.99,130.0,1067,913,982,0,71.8,69.95,89.54,62.09,144.0,965,829,874,0,,,,,,15,12,8,1,99.39,96.7,109.9,84.65,160.0,282,257,156,2.0,80.0,78.45,91.99,68.89,145.0,913,781,824,0,1287,790,121,0,39,337,,,,559,,,378,,,11,,,37,,,249,,,65.61,68.99,3.38,72.3,85.0,12.7,127.0,127.45,0.45,98.17,99.39,1.22,80.03,91.9,11.87,72.3,40,85.0,45,12.7,,71.37,72.14
2026-07-21 16:37:20,2026-07-21 19:37:20,1262,1054,65.6,64.05,81.52,55.99,130.0,1068,926,983,0.0,71.8,69.95,88.22,62.09,144.0,966,841,875,0.0,,,,,,15,12,8,1,99.39,96.7,109.9,84.65,160.0,282,255,156,2.0,80.0,78.45,91.99,68.89,145.0,913,789,827,0,1287,805,127,0,40,315,,,,625,,,454,,,11,,,44,,,299,,,65.61,68.99,3.38,72.3,84.5,12.2,127.0,127.45,0.45,98.17,99.39,1.22,80.03,91.9,11.87,72.3,40,84.5,44,12.2,,71.37,72.14
2026-07-21 18:21:13,2026-07-21 21:21:13,1263,1048,65.6,64.05,81.14,55.99,130.0,1070,921,985,0.0,71.8,69.95,89.9,62.09,144.0,967,836,879,0,,,,,,15,12,10,1,99.39,96.7,109.9,84.65,160.0,282,248,156,2.0,80.0,78.45,91.99,68.89,145.0,913,786,826,0,1287,828,119,0,41,299,,,,670,,,574,,,7,,,149,,,245,,,65.61,68.99,3.38,72.19,85.0,12.81,127.0,129.9,2.9,98.17,99.39,1.22,80.03,91.9,11.87,72.19,42,85.0,43,12.81,,71.03,72.14
2026-07-21 20:22:31,2026-07-21 23:22:31,1267,1048,65.6,64.05,81.9,55.99,130.0,1076,926,991,0.0,71.8,69.95,89.96,62.09,144.0,973,839,884,0,,,,,,16,13,10,1.0,99.39,96.7,109.9,84.65,160.0,282,250,156,2.0,80.0,78.45,91.99,68.89,145.0,917,786,828,0,1287,835,101,0,38,313,,,,669,,,578,,,6,,,163,,,172,,,65.61,67.29,1.68,72.19,79.99,7.8,127.0,129.9,2.9,98.17,99.39,1.22,80.03,91.9,11.87,72.19,40,79.99,41,7.8,,71.03,72.14
2026-07-21 22:09:03,2026-07-22 01:09:03,1268,1042,65.6,64.05,81.9,55.99,130.0,1080,919,995,0.0,71.8,69.95,91.9,62.09,144.0,981,837,892,0,,,,,,16,13,10,1.0,99.39,96.7,109.9,84.65,160.0,279,246,156,2,80.0,78.45,91.99,68.89,145.0,927,787,838,0,1287,835,99,0,34,319,,,,657,,,558,,,6,,,172,,,115,,,65.6,67.29,1.69,71.8,83.25,11.45,127.0,129.9,2.9,98.25,99.39,1.14,79.7,91.99,12.29,71.8,88,83.25,46,11.45,71.8,71.01,72.3
2026-07-22 00:00:27,2026-07-22 03:00:27,1267,1036,65.6,64.05,81.9,55.99,130.0,1081,916,976,0,71.8,69.95,91.9,62.09,144.0,982,832,881,0.0,,,,,,16,13,10,2.0,99.39,96.59,109.9,84.65,160.0,279,243,150,3,80.0,78.45,91.99,68.89,145.0,929,780,830,0,1287,829,87,0,27,344,,,,624,,,521,,,3,,,103,,,63,,,65.61,66.99,1.38,72.25,72.6,0.35,,129.9,,98.8,99.39,0.59,80.27,79.76,-0.51,72.25,219,72.6,105,0.35,71.8,72.36,72.57
2026-07-22 03:34:05,2026-07-22 06:34:05,1266,1023,65.6,64.05,81.9,55.99,130.0,1080,904,979,0.0,71.8,69.95,91.9,62.09,144.0,981,818,882,0,,,,,,16,13,10,2.0,99.39,96.59,109.9,84.65,160.0,280,245,150,3.0,80.0,78.45,91.99,68.89,145.0,932,771,837,0.0,1287,807,69,0,26,385,,,,456,,,310,,,4,,,22,,,98,,,65.61,68.99,3.38,72.34,71.99,-0.35,,129.9,,98.8,99.39,0.59,80.28,81.09,0.81,72.34,181,71.99,95,-0.35,71.8,72.42,72.57
2026-07-22 06:38:38,2026-07-22 09:38:38,1270,1023,65.6,64.05,81.9,55.99,130.0,1081,898,986,0,71.8,69.95,91.9,62.09,144.0,983,815,886,0,,,,,,16,13,10,2.0,99.39,96.59,109.9,84.65,160.0,280,252,150,3.0,80.0,78.45,91.99,68.89,145.0,933,778,841,0,1287,771,92,0,38,386,,,,484,,,435,,,11,,,64,,,298,,,65.61,69.28,3.67,72.34,73.67,1.33,,129.9,,98.8,99.39,0.59,80.28,81.09,0.81,72.34,105,73.67,64,1.33,71.8,72.17,72.25
2026-07-22 09:33:19,2026-07-22 12:33:19,1270,1138,65.6,64.05,81.9,55.99,135.0,1081,1008,988,0,71.8,69.95,91.9,62.09,145.0,983,917,888,0,,,,,,16,13,10,2.0,99.39,96.59,109.9,84.65,160.0,280,270,150,3.0,80.0,78.45,91.99,68.89,145.0,934,869,843,0.0,1287,795,97,0,25,370,,,,588,,,473,,,9,,,46,,,230,,,65.61,78.49,12.88,72.44,77.59,5.15,,129.9,,98.32,99.39,1.07,80.28,90.9,10.62,72.44,66,77.59,52,5.15,71.8,72.04,72.25
2026-07-22 11:56:45,2026-07-22 14:56:45,1268,1138,65.6,64.07,81.9,58.45,130.0,1080,1010,987,0.0,71.8,69.95,91.9,64.45,144.0,981,918,885,0,,,,,,16,13,10,1.5,99.39,96.6,109.9,84.65,160.0,279,270,151,3,80.0,78.45,91.99,76.5,145.0,930,867,841,0.0,1287,818,106,0,21,342,,,,624,,,503,,,10,,,60,,,227,,,65.61,73.14,7.53,72.55,79.99,7.44,127.0,129.9,2.9,98.25,99.39,1.14,80.28,90.9,10.62,72.55,56,79.99,51,7.44,,73.02,72.25
2026-07-22 14:16:49,2026-07-22 17:16:49,1268,1143,65.6,64.09,81.9,58.45,135.0,1081,1014,992,0,71.8,69.95,91.9,64.45,145.0,983,922,888,0,,,,,,16,13,10,1.5,99.39,96.61,109.9,84.65,160.0,279,271,152,2,80.0,78.49,91.99,76.5,145.0,932,872,843,0.0,1287,854,104,0,19,310,,,,630,,,500,,,5,,,59,,,224,,,65.61,73.14,7.53,72.53,79.99,7.46,127.0,129.9,2.9,98.17,99.39,1.22,80.19,91.9,11.71,72.53,51,79.99,51,7.46,,73.99,72.25
2026-07-22 16:38:22,2026-07-22 19:38:22,1273,1154,65.6,64.09,81.9,58.45,130.0,1081,1023,991,0,71.8,69.95,91.9,64.45,144.0,984,931,888,0.0,,,,,,16,13,10,1.5,99.39,96.62,109.9,84.65,160.0,281,274,153,2,80.0,78.49,91.99,76.5,145.0,932,880,843,0.0,1287,729,102,0,24,432,,,,481,,,453,,,12,,,54,,,267,,,65.61,73.14,7.53,72.53,77.59,5.06,,129.9,,97.58,99.39,1.81,80.19,91.9,11.71,72.53,51,77.59,50,5.06,,73.99,72.25
2026-07-22 18:16:15,2026-07-22 21:16:15,1271,1150,65.6,64.09,81.9,58.45,130.0,1083,1021,996,0,71.8,69.95,91.91,64.45,145.0,986,932,890,0.0,,,,,,17,14,11,1,99.39,96.62,109.9,84.65,160.0,281,272,153,2,80.0,78.49,91.99,76.5,145.0,935,879,846,0,1287,714,102,0,26,445,,,,458,,,425,,,10,,,53,,,225,,,65.61,69.13,3.52,72.53,74.88,2.35,127.0,129.9,2.9,97.71,99.39,1.68,80.19,91.9,11.71,72.53,51,74.88,47,2.35,,73.99,72.25
2026-07-22 20:17:34,2026-07-22 23:17:34,1270,1146,65.6,64.09,81.9,58.45,130.0,1082,1017,996,0.0,71.8,69.95,91.95,64.45,145.0,985,928,891,0,,,,,,17,14,11,1,99.39,96.62,109.9,84.65,160.0,280,271,153,2.0,80.0,78.49,91.99,76.5,145.0,934,875,846,0.0,1287,718,97,0,19,453,,,,468,,,419,,,5,,,41,,,188,,,65.61,68.99,3.38,72.39,74.78,2.39,127.0,129.9,2.9,97.71,99.39,1.68,80.11,91.9,11.79,72.39,50,74.78,45,2.39,,73.99,72.25
2026-07-22 22:12:38,2026-07-23 01:12:38,1271,1120,65.6,64.09,81.9,58.45,130.0,1081,990,995,0,71.8,69.95,91.94,64.45,145.0,984,903,892,0.0,,,,,,17,14,11,1,99.39,96.6,109.9,84.65,160.0,277,258,151,2,80.0,78.49,91.99,76.5,145.0,930,848,841,0.0,1287,695,87,0,17,488,,,,431,,,384,,,4,,,38,,,130,,,65.61,77.0,11.39,72.25,74.88,2.63,127.0,129.9,2.9,97.58,99.39,1.81,80.07,91.9,11.83,72.25,49,74.88,47,2.63,,73.99,72.25
2026-07-23 00:09:34,2026-07-23 03:09:34,1269,1139,65.6,64.09,81.9,58.45,130.0,1078,1007,989,0.0,71.8,69.95,92.0,64.45,140.0,980,917,891,0.0,,,,,,17,14,11,2,99.39,96.58,109.9,84.65,160.0,272,261,149,2.5,80.0,78.47,91.99,76.5,145.0,933,869,846,0,1287,651,77,0,17,542,,,,377,,,338,,,3,,,33,,,62,,,65.67,68.99,3.32,72.25,74.88,2.63,,129.9,,99.4,99.39,-0.01,80.28,79.9,-0.38,72.25,224,74.88,111,2.63,71.8,72.29,72.63
2026-07-23 04:23:32,2026-07-23 07:23:32,1270,1146,65.6,64.09,81.9,58.45,130.0,1077,1015,987,0,71.8,69.95,91.98,64.45,140.0,979,922,890,0,,,,,,17,14,12,2,99.39,96.58,109.9,84.65,160.0,272,263,149,2.5,80.0,78.47,91.99,76.5,145.0,933,876,846,0,1287,524,64,0,16,683,,,,282,,,220,,,6,,,28,,,130,,,65.71,68.99,3.28,72.3,78.05,5.75,,129.9,,99.4,99.39,-0.01,80.28,83.41,3.13,72.3,164,78.05,94,5.75,71.8,79.5,72.44
2026-07-23 07:40:23,2026-07-23 10:40:23,1273,1145,65.32,64.05,81.9,58.45,130.0,1078,1010,924,0.0,71.8,69.95,93.95,64.45,140.0,978,918,840,0.0,,,,,,17,14,12,2,98.8,96.32,99.99,84.65,160.0,271,263,119,8,80.0,78.47,91.99,76.5,145.0,933,875,847,0,1287,561,58,0,15,653,,,,372,,,359,,,8,,,31,,,256,,,65.71,77.5,11.79,72.25,85.0,12.75,,129.9,,99.4,99.39,-0.01,80.28,90.44,10.16,72.25,93,85.0,65,12.75,71.8,71.28,72.25
2026-07-23 10:32:16,2026-07-23 13:32:16,1272,1140,65.6,64.09,81.9,58.45,130.0,1080,1008,1000,0.0,71.8,69.97,91.99,64.45,140.0,981,918,897,0,,,,,,16,13,11,2.0,99.39,96.6,109.9,84.65,160.0,272,262,151,2.0,80.0,78.49,91.99,76.5,145.0,936,874,851,0.0,1287,592,60,0,19,616,,,,401,,,371,,,7,,,42,,,207,,,65.66,81.9,16.24,72.25,89.95,17.7,,129.9,,98.8,99.39,0.59,80.28,90.9,10.62,72.25,63,89.95,54,17.7,,70.55,72.25
2026-07-23 12:45:24,2026-07-23 15:45:24,1283,1159,65.6,64.09,81.9,58.45,130.0,1079,1030,1000,0,71.8,69.97,91.9,64.45,140.0,981,934,899,0,,,,,,16,13,12,1.0,99.39,96.61,109.9,84.65,160.0,272,266,152,2.0,80.0,78.49,91.99,76.5,145.0,934,892,852,0.0,1287,632,80,0,23,552,,,,444,,,398,,,4,,,42,,,201,,,65.61,81.9,16.29,72.25,89.0,16.75,,129.9,,98.48,99.39,0.91,80.28,91.9,11.62,72.25,57,89.0,47,16.75,,70.55,72.25
2026-07-23 15:18:56,2026-07-23 18:18:56,1288,1130,65.6,64.09,81.9,58.45,130.0,1080,994,1001,0.0,71.8,69.98,91.9,64.45,140.0,983,901,901,0,,,,,,17,14,13,1,99.39,96.59,109.9,84.65,160.0,270,247,150,2.0,80.0,78.49,91.99,76.5,145.0,936,861,855,0.0,1287,674,101,0,26,486,,,,470,,,445,,,8,,,44,,,224,,,65.66,78.49,12.83,72.25,88.25,16.0,,129.9,,98.17,99.39,1.22,80.28,91.9,11.62,72.25,52,88.25,42,16.0,,72.29,72.25
2026-07-23 17:40:59,2026-07-23 20:40:59,1286,1144,65.6,64.09,81.9,58.45,130.0,1083,1008,1004,0,71.8,69.98,91.9,64.45,140.0,984,918,902,0.0,,,,,,15,12,11,1,99.39,96.59,109.9,84.65,160.0,270,258,150,2.0,80.0,78.49,91.99,76.5,145.0,937,870,856,0,1287,698,89,0,16,484,,,,480,,,462,,,8,,,68,,,311,,,65.71,80.19,14.48,72.25,89.0,16.75,,129.9,,98.02,99.39,1.37,80.28,91.9,11.62,72.25,51,89.0,43,16.75,,72.29,72.25
2026-07-23 19:38:43,2026-07-23 22:38:43,1285,1128,65.6,64.09,81.9,58.45,130.0,1083,992,1005,0,71.8,69.99,91.9,64.45,140.0,985,905,903,0,,,,,,17,13,13,1,99.39,96.62,109.9,84.65,160.0,271,253,153,1,80.0,78.49,91.99,76.5,145.0,936,853,855,0.0,1287,681,85,0,13,508,,,,456,,,426,,,7,,,61,,,232,,,65.71,77.0,11.29,72.25,86.25,14.0,,129.9,,97.58,99.39,1.81,80.28,91.9,11.62,72.25,51,86.25,38,14.0,,75.9,72.25
2026-07-23 21:15:51,2026-07-24 00:15:51,1285,1121,65.6,64.09,81.9,58.45,130.0,1085,982,1007,0,71.8,69.99,91.9,64.45,140.0,985,893,903,0,,,,,,17,13,13,1,99.39,96.61,109.9,84.65,160.0,270,249,152,1.0,80.0,78.49,91.99,76.5,145.0,936,845,856,0.0,1287,675,80,0,10,522,,,,459,,,411,,,4,,,54,,,176,,,65.71,77.0,11.29,72.25,85.0,12.75,,129.9,,97.71,99.39,1.68,80.28,91.9,11.62,72.25,50,85.0,39,12.75,,75.9,72.25
2026-07-23 23:05:39,2026-07-24 02:05:39,1283,1155,65.6,64.1,81.9,58.45,130.0,1093,1023,1019,-1,71.82,70.03,91.9,64.45,140.0,995,934,918,-1,,,,,,17,14,13,1,99.39,96.8,109.9,84.65,160.0,271,262,157,1,80.01,78.52,94.99,76.5,140.0,947,886,871,-1,1287,640,75,0,8,564,,,,413,,,369,,,0,,,44,,,99,,,65.07,80.99,15.92,71.59,89.99,18.4,,129.9,,98.8,109.9,11.1,79.55,94.99,15.44,71.59,473,89.99,190,18.4,71.25,71.63,72.25
2026-07-24 03:34:17,2026-07-24 06:34:17,1290,1148,65.6,64.1,81.9,58.45,130.0,1093,1017,1011,0,71.82,70.05,91.9,64.45,140.0,995,928,913,0,,,,,,17,14,13,1,99.39,96.8,109.9,84.65,160.0,270,261,151,2.0,80.0,78.52,94.99,73.99,140.0,947,880,865,0,1287,491,45,0,8,743,,,,289,,,218,,,4,,,29,,,90,,,65.71,68.99,3.28,72.34,74.88,2.54,,129.9,,98.8,99.39,0.59,80.28,80.59,0.31,72.34,200,74.88,107,2.54,71.8,72.17,72.94
2026-07-24 06:35:09,2026-07-24 09:35:09,1291,1149,65.6,64.1,81.9,58.45,130.0,1090,1011,1013,0.0,71.82,70.05,91.9,64.45,140.0,993,923,911,0,,,,,,17,14,13,1,99.4,96.89,109.9,84.65,160.0,268,259,150,2.0,80.03,78.58,94.99,76.5,140.0,945,878,862,0,1287,485,53,0,4,745,,,,319,,,302,,,6,,,39,,,236,,,65.71,81.9,16.19,72.57,82.5,9.93,,129.9,,98.17,99.39,1.22,80.28,86.44,6.16,72.57,104,82.5,76,9.93,71.4,72.29,72.82
2026-07-24 09:27:24,2026-07-24 12:27:24,1291,1151,65.6,64.1,81.94,58.45,130.0,1094,1019,1023,0.0,71.82,70.05,91.9,64.45,140.0,993,929,915,0,,,,,,17,14,13,1,99.39,96.82,109.9,84.65,160.0,266,255,143,2.5,80.03,78.55,94.99,76.5,140.0,948,881,865,0.0,1287,856,60,0,6,365,,,,573,,,534,,,7,,,61,,,270,,,65.71,81.9,16.19,72.53,85.49,12.96,,129.9,,98.09,99.39,1.3,80.28,91.9,11.62,72.53,67,85.49,63,12.96,,71.96,72.53
2026-07-24 11:49:46,2026-07-24 14:49:46,1291,1105,65.6,64.1,81.9,58.45,130.0,1094,975,1024,0.0,71.82,70.05,92.0,64.45,140.0,984,882,921,0.0,,,,,,17,12,13,1,98.8,96.71,99.99,84.65,160.0,260,233,123,6.0,80.03,78.58,94.99,76.5,135.0,948,841,870,0.0,1287,859,69,0,5,354,,,,575,,,548,,,3,,,73,,,275,,,65.71,81.9,16.19,72.29,89.5,17.21,,129.9,,98.02,99.39,1.37,80.28,91.9,11.62,72.29,59,89.5,58,17.21,,71.62,72.3
2026-07-24 14:03:48,2026-07-24 17:03:48,1286,1147,65.6,64.1,81.9,58.45,130.0,1094,1020,1024,0.0,71.82,70.05,93.95,64.45,140.0,996,935,923,0.0,,,,,,17,14,13,1,99.4,96.98,109.9,84.65,160.0,270,257,159,1.5,80.05,78.55,94.99,76.5,135.0,948,882,874,0.0,1287,873,73,0,7,334,,,,600,,,550,,,3,,,80,,,286,,,65.71,81.9,16.19,72.25,87.49,15.24,,129.9,,97.86,99.39,1.53,80.28,91.9,11.62,72.25,50,87.49,51,15.24,,70.7,72.25
2026-07-24 15:39:54,2026-07-24 18:39:54,1291,1111,65.6,64.1,81.9,58.45,130.0,1094,980,1024,0.0,71.82,70.05,93.95,64.45,140.0,996,896,923,0.0,,,,,,17,13,13,1,99.4,96.98,109.9,84.65,160.0,270,238,159,1.5,80.07,78.55,94.99,76.5,135.0,949,847,875,0,1287,881,67,0,5,334,,,,589,,,555,,,9,,,81,,,312,,,65.71,81.9,16.19,72.25,85.0,12.75,,129.9,,97.66,99.39,1.73,80.28,91.9,11.62,72.25,49,85.0,49,12.75,,70.7,72.25
2026-07-24 17:45:39,2026-07-24 20:45:39,1289,1150,65.6,64.1,81.9,58.45,130.0,1094,1021,1026,0.0,71.82,70.05,94.9,64.45,140.0,996,935,929,0.0,,,,,,17,14,13,0,99.4,96.98,109.9,84.65,160.0,270,257,159,1.0,80.08,78.53,94.99,76.5,135.0,949,883,882,0,1287,883,72,0,4,328,,,,611,,,553,,,6,,,87,,,275,,,65.71,81.9,16.19,72.25,81.99,9.74,127.0,129.9,2.9,97.61,99.39,1.78,80.28,90.9,10.62,72.25,45,81.99,45,9.74,,70.7,72.25
2026-07-24 19:41:45,2026-07-24 22:41:45,1291,1124,65.6,64.1,81.9,58.45,130.0,1094,991,1026,0.0,71.82,70.05,94.9,64.45,140.0,996,908,929,0.0,,,,,,17,14,13,0,99.4,97.0,109.9,84.65,160.0,271,246,161,1,80.07,78.54,94.99,76.5,135.0,950,858,883,0.0,1287,880,81,1,4,321,,,,604,,,554,,,9,,,74,,,241,,,65.71,81.9,16.19,72.25,78.44,6.19,127.0,129.9,2.9,97.46,99.39,1.93,80.28,90.9,10.62,72.25,44,78.44,44,6.19,,70.7,72.25
2026-07-24 21:14:08,2026-07-25 00:14:08,1289,1151,65.6,64.1,81.9,58.45,130.0,1093,1020,1025,0,71.82,70.05,94.9,64.45,140.0,995,934,928,0,,,,,,17,14,13,0,99.4,97.0,109.9,84.65,160.0,271,258,161,1,80.07,78.53,94.99,76.5,135.0,949,884,882,0,1287,883,78,1,5,320,,,,609,,,530,,,7,,,62,,,181,,,65.71,81.9,16.19,72.25,74.88,2.63,127.0,129.9,2.9,97.46,99.39,1.93,80.28,90.9,10.62,72.25,44,74.88,43,2.63,,70.7,72.25
2026-07-24 23:10:53,2026-07-25 02:10:53,1288,1070,65.6,64.1,81.9,58.45,130.0,1091,934,1025,0,71.82,70.05,94.9,64.45,140.0,993,858,928,0,,,,,,17,13,13,0,99.4,97.0,109.9,84.65,160.0,265,214,161,1,80.07,78.53,94.99,76.5,135.0,945,798,882,0,1287,878,69,1,4,335,,,,585,,,500,,,2,,,48,,,90,,,65.59,81.9,16.31,71.92,81.99,10.07,127.0,129.9,2.9,98.02,99.39,1.37,79.8,94.99,15.19,71.92,83,81.99,49,10.07,71.25,71.92,72.25
2026-07-25 03:31:21,2026-07-25 06:31:21,1290,1153,65.6,64.1,81.9,58.45,130.0,1092,1017,1021,0.0,71.82,70.05,94.9,64.45,140.0,999,935,923,0,,,,,,17,14,12,1,99.4,97.03,112.9,84.65,160.0,266,254,156,2.0,80.1,78.53,94.99,76.5,135.0,946,879,875,0.0,1287,852,60,1,4,370,,,,460,,,322,,,3,,,29,,,68,,,65.71,68.99,3.28,72.34,75.59,3.25,,129.9,,98.8,99.39,0.59,80.28,81.09,0.81,72.34,199,75.59,112,3.25,71.8,72.22,72.91
2026-07-25 06:25:27,2026-07-25 09:25:27,1290,1154,65.6,64.1,81.9,58.45,130.0,1092,1017,1022,0.0,71.82,70.05,94.9,64.45,140.0,999,936,924,0,,,,,,17,14,12,1,99.4,97.02,112.9,84.65,160.0,265,252,155,2,80.1,78.53,94.99,76.5,135.0,947,878,879,0,1287,828,54,0,3,402,,,,407,,,326,,,17,,,48,,,196,,,65.71,68.99,3.28,72.8,75.59,2.79,,129.9,,98.8,99.39,0.59,80.28,81.09,0.81,72.8,150,75.59,102,2.79,71.8,76.02,73.07
2026-07-25 09:06:46,2026-07-25 12:06:46,1291,1154,65.6,64.1,81.9,58.45,130.0,1092,1015,1024,0.0,71.82,70.05,94.9,64.45,140.0,999,934,926,0,,,,,,17,14,12,1,99.4,97.03,112.9,84.65,160.0,265,252,156,2,80.1,78.53,94.99,76.5,135.0,947,877,879,0,1287,826,59,0,5,397,,,,530,,,494,,,18,,,65,,,264,,,65.71,69.28,3.57,73.07,84.25,11.18,,129.9,,98.78,99.39,0.61,80.28,90.9,10.62,73.07,114,84.25,88,11.18,71.8,81.6,73.07
2026-07-25 11:20:16,2026-07-25 14:20:16,1292,1155,65.6,64.1,81.9,58.45,130.0,1092,1016,1024,0.0,71.82,70.05,94.9,64.45,140.0,999,935,927,0,,,,,,16,13,11,1.0,99.4,97.03,112.9,84.65,160.0,265,252,157,2,80.1,78.53,94.99,76.5,135.0,947,877,879,0,1287,836,70,0,7,374,,,,555,,,524,,,14,,,79,,,286,,,65.71,76.19,10.48,73.07,88.25,15.18,,129.9,,98.32,99.39,1.07,80.28,90.9,10.62,73.07,99,88.25,82,15.18,71.8,81.6,72.69
2026-07-25 13:54:45,2026-07-25 16:54:45,1293,1127,65.6,64.1,81.9,58.45,130.0,1092,990,1024,0.0,71.82,70.05,94.9,64.45,140.0,999,911,927,0,,,,,,17,13,12,1,99.4,97.03,112.9,84.65,160.0,264,239,157,2.0,80.1,78.53,94.99,76.5,135.0,947,852,878,0,1287,839,78,0,9,361,,,,592,,,538,,,8,,,89,,,255,,,65.71,78.49,12.78,72.63,89.0,16.37,,129.9,,98.47,99.39,0.92,80.28,91.9,11.62,72.63,78,89.0,77,16.37,,75.9,72.34
2026-07-25 15:12:49,2026-07-25 18:12:49,1292,1134,65.6,64.1,81.9,58.45,130.0,1093,1001,1026,0,71.82,70.05,94.9,64.45,140.0,1000,922,928,0.0,,,,,,17,14,12,1,99.4,97.03,112.9,84.65,160.0,264,247,158,2.0,80.1,78.53,94.99,76.5,135.0,948,864,880,0.0,1287,850,78,0,12,347,,,,589,,,543,,,11,,,77,,,233,,,65.71,80.99,15.28,72.63,89.98,17.35,,129.9,,98.17,99.39,1.22,80.28,93.45,13.17,72.63,74,89.98,76,17.35,,75.9,72.34
2026-07-25 17:10:06,2026-07-25 20:10:06,1292,1157,65.6,64.1,81.9,58.45,130.0,1093,1019,1029,0,71.82,70.05,94.9,64.45,140.0,1000,939,928,0.0,,,,,,16,13,11,1.0,99.4,97.04,112.9,84.65,160.0,265,254,160,1,80.1,78.53,94.99,76.5,135.0,948,882,880,0.0,1287,853,80,0,11,343,,,,579,,,531,,,8,,,74,,,231,,,65.71,80.99,15.28,72.57,89.99,17.42,,129.9,,98.02,99.39,1.37,80.28,94.9,14.62,72.57,69,89.99,70,17.42,,75.9,72.34
2026-07-25 19:21:22,2026-07-25 22:21:22,1290,1158,65.6,64.1,81.9,58.45,130.0,1092,1020,1027,0.0,71.82,70.05,94.9,64.45,140.0,998,939,926,0.0,,,,,,17,14,12,1,99.4,97.05,112.9,84.65,160.0,265,255,161,1,80.1,78.53,94.99,76.5,135.0,947,882,880,0,1287,856,77,0,11,343,,,,570,,,525,,,6,,,65,,,207,,,65.71,81.44,15.73,72.55,89.99,17.44,,129.9,,98.02,99.39,1.37,80.28,94.9,14.62,72.55,66,89.99,66,17.44,,75.9,72.34
2026-07-25 21:02:57,2026-07-26 00:02:57,1290,1154,65.6,64.1,81.9,58.45,130.0,1092,1017,1028,0.0,71.82,70.05,94.9,64.45,140.0,998,935,927,0.0,,,,,,17,14,12,1,99.4,97.05,112.9,84.65,160.0,265,255,161,1,80.1,78.53,94.99,76.5,135.0,946,880,879,0.0,1288,859,76,0,10,343,,,,575,,,517,,,6,,,68,,,167,,,65.71,81.44,15.73,72.55,89.99,17.44,,129.9,,98.02,99.39,1.37,80.28,94.9,14.62,72.55,66,89.99,65,17.44,,72.29,72.34
2026-07-25 22:04:08,2026-07-26 01:04:08,1289,1129,65.6,64.1,81.9,58.45,130.0,1092,996,1028,0.0,71.82,70.05,94.9,64.45,140.0,998,916,927,0.0,,,,,,17,12,12,1,99.4,97.04,112.9,84.65,160.0,264,247,160,1.0,80.1,78.53,94.99,76.5,135.0,945,857,879,0,1288,853,73,0,9,353,,,,576,,,510,,,5,,,62,,,141,,,65.71,81.9,16.19,72.55,93.45,20.9,,129.9,,98.02,99.39,1.37,80.28,94.9,14.62,72.55,66,93.45,70,20.9,,72.29,72.34
2026-07-25 23:06:53,2026-07-26 02:06:53,1288,1146,65.6,64.1,81.9,58.45,130.0,1090,1015,1029,-1.0,71.82,70.05,94.9,64.45,140.0,996,932,928,-1.0,,,,,,17,14,12,1,99.4,97.05,112.9,84.65,160.0,262,253,162,1.0,80.1,78.53,94.99,76.5,135.0,942,875,880,-1.0,1288,864,66,0,8,350,,,,578,,,496,,,5,,,54,,,99,,,65.17,80.99,15.82,71.56,89.99,18.43,,129.9,,98.8,112.9,14.1,79.46,94.99,15.53,71.56,500,89.99,221,18.43,71.25,71.68,72.34
2026-07-26 03:47:02,2026-07-26 06:47:02,1289,1099,65.6,64.1,81.9,58.45,130.0,1090,966,1008,0.0,71.82,70.05,94.9,64.45,140.0,997,887,920,0,,,,,,17,14,12,2,99.4,97.05,112.9,84.65,160.0,263,231,161,2,80.1,78.58,94.99,76.5,135.0,944,830,877,0.0,1288,824,49,0,5,410,,,,469,,,304,,,1,,,27,,,50,,,65.71,67.84,2.13,72.69,75.59,2.9,,129.9,,98.8,99.39,0.59,80.28,80.59,0.31,72.69,195,75.59,122,2.9,71.8,83.7,73.07
2026-07-26 06:44:06,2026-07-26 09:44:06,1291,1149,65.6,64.1,81.9,58.45,130.0,1089,1012,1005,0,71.82,70.05,94.9,64.45,140.0,996,931,918,0.0,,,,,,17,14,11,2,99.4,97.05,112.9,84.65,160.0,261,252,159,2,80.15,78.58,94.99,76.5,135.0,944,875,874,0.0,1288,800,38,0,9,441,,,,325,,,251,,,4,,,22,,,121,,,65.71,68.99,3.28,73.07,87.4,14.33,,129.9,,99.4,99.39,-0.01,80.28,81.09,0.81,73.07,164,87.4,118,14.33,71.8,83.7,73.07
2026-07-26 09:21:17,2026-07-26 12:21:17,1291,1145,65.6,64.1,81.9,58.45,130.0,1089,1011,1008,0,71.9,70.05,94.9,64.45,140.0,996,928,920,0.0,,,,,,17,14,12,2,99.4,97.05,112.9,84.65,160.0,262,253,160,2.0,80.15,78.58,94.99,76.5,135.0,944,874,876,0.0,1288,785,50,0,9,444,,,,466,,,411,,,3,,,53,,,215,,,65.71,68.99,3.28,72.88,89.98,17.1,,129.9,,99.1,99.39,0.29,80.28,90.9,10.62,72.88,118,89.98,105,17.1,71.8,83.7,72.61
2026-07-26 11:25:38,2026-07-26 14:25:38,1291,1147,65.6,64.1,81.9,58.45,130.0,1087,1013,1008,0,71.9,70.07,94.9,64.45,140.0,994,930,919,0.0,,,,,,17,14,12,2,99.4,97.05,112.9,84.65,160.0,261,253,160,2,80.15,78.58,94.99,76.5,135.0,942,875,874,0.0,1288,795,63,0,7,423,,,,539,,,508,,,7,,,70,,,257,,,65.71,68.99,3.28,73.07,89.99,16.92,,129.9,,99.1,99.39,0.29,80.28,90.9,10.62,73.07,100,89.99,94,16.92,71.8,75.99,72.69
2026-07-26 13:47:31,2026-07-26 16:47:31,1291,1146,65.6,64.1,81.9,58.45,130.0,1088,1011,1010,0.0,71.9,70.07,94.9,64.45,140.0,995,929,920,0,,,,,,17,14,12,2,99.4,97.05,112.9,84.65,160.0,261,252,160,2,80.15,78.58,94.99,76.5,135.0,943,874,875,0,1288,794,81,0,10,403,,,,570,,,540,,,16,,,83,,,269,,,65.71,80.99,15.28,73.07,93.45,20.38,,129.9,,98.8,99.39,0.59,80.28,90.9,10.62,73.07,85,93.45,90,20.38,71.8,77.84,72.69
2026-07-26 15:13:05,2026-07-26 18:13:05,1291,1146,65.6,64.1,81.9,58.45,130.0,1088,1011,1011,0.0,71.9,70.07,94.9,64.45,140.0,995,928,921,0,,,,,,17,14,12,2,99.4,97.05,112.9,84.65,160.0,261,253,161,2,80.15,78.58,94.99,76.5,135.0,943,874,876,0,1288,796,88,0,11,393,,,,570,,,538,,,20,,,78,,,258,,,65.71,80.99,15.28,73.07,94.9,21.83,,129.9,,98.77,99.39,0.62,80.28,93.4,13.12,73.07,81,94.9,86,21.83,71.8,77.84,72.61
2026-07-26 17:11:03,2026-07-26 20:11:03,1291,1112,65.6,64.1,81.9,58.45,130.0,1088,979,1012,0.0,71.9,70.07,94.9,64.45,140.0,995,900,921,0,,,,,,17,14,12,2,99.4,97.1,112.9,84.65,160.0,261,237,163,2,80.15,78.58,94.99,76.5,135.0,943,843,876,0,1288,823,90,0,10,365,,,,584,,,538,,,10,,,72,,,264,,,65.71,80.99,15.28,73.07,94.9,21.83,,129.9,,98.62,99.39,0.77,80.28,94.9,14.62,73.07,77,94.9,83,21.83,71.8,71.99,72.69
2026-07-26 19:23:50,2026-07-26 22:23:50,1290,1156,65.6,64.1,81.9,58.45,130.0,1088,1022,1012,0.0,71.9,70.07,94.9,64.45,140.0,995,936,922,0,,,,,,16,13,10,2.0,99.4,97.15,112.9,84.65,160.0,261,252,165,2,80.15,78.58,94.99,76.5,135.0,943,881,877,0,1288,838,90,0,9,351,,,,570,,,499,,,6,,,63,,,210,,,65.71,80.99,15.28,73.07,94.9,21.83,,129.9,,98.17,99.39,1.22,80.28,94.9,14.62,73.07,67,94.9,73,21.83,71.8,71.99,72.69
2026-07-26 21:06:45,2026-07-27 00:06:45,1290,1159,65.6,64.11,81.9,58.45,130.0,1088,1025,1013,0.0,71.9,70.07,94.9,64.45,140.0,995,939,922,0,,,,,,17,14,11,2,99.4,97.15,112.9,84.65,160.0,261,254,165,2,80.15,78.58,94.99,76.5,135.0,943,886,877,0,1288,836,85,0,12,355,,,,143,,,183,,,3,,,25,,,156,,,65.71,80.99,15.28,72.88,94.9,22.02,,129.9,,98.09,99.39,1.3,80.28,94.9,14.62,72.88,64,94.9,68,22.02,71.8,71.99,72.44
2026-07-26 23:05:51,2026-07-27 02:05:51,1292,1141,65.6,64.11,81.9,58.45,130.0,1086,1006,1013,0.0,71.9,70.07,94.9,64.45,140.0,992,921,921,0.0,,,,,,14,13,11,1.5,99.4,97.15,112.9,84.65,160.0,251,241,165,1,80.15,78.58,94.99,76.5,135.0,939,863,878,0,1288,820,76,0,13,379,,,,65,,,86,,,0,,,11,,,86,,,65.71,81.9,16.19,72.16,94.9,22.74,,129.9,,98.47,99.39,0.92,80.25,94.9,14.65,72.16,112,94.9,83,22.74,71.35,71.99,72.69
2026-07-27 03:55:13,2026-07-27 06:55:13,1291,1145,65.6,64.1,81.9,58.45,130.0,1086,1009,995,0.0,71.9,70.09,94.9,64.45,140.0,992,927,909,0.0,,,,,,13,13,10,3,99.4,98.11,112.9,84.65,150.0,252,244,157,2.0,80.15,78.58,94.99,76.5,130.9,940,872,865,0.0,1288,768,52,0,13,455,,,,109,,,121,,,2,,,18,,,121,,,65.71,66.55,0.84,72.34,75.59,3.25,,129.9,,99.4,99.39,-0.01,80.28,81.09,0.81,72.34,172,75.59,106,3.25,71.8,77.94,73.07
2026-07-27 07:42:14,2026-07-27 10:42:14,1292,1128,65.6,64.1,81.9,58.45,130.0,1088,991,998,0.0,71.9,70.09,94.9,64.45,140.0,994,909,912,0.0,,,,,,13,13,11,2,99.4,98.14,112.9,84.65,150.0,251,233,159,2,80.15,78.58,94.99,76.5,130.9,942,857,875,0.0,1288,729,61,0,4,494,,,,512,,,473,,,5,,,58,,,346,,,65.71,68.99,3.28,72.88,89.99,17.11,,129.9,,99.4,99.39,-0.01,80.28,93.4,13.12,72.88,68,89.99,71,17.11,,81.8,72.34
2026-07-27 11:34:26,2026-07-27 14:34:26,1291,1162,65.6,64.1,81.9,58.45,130.0,1088,1028,1001,0.0,71.9,70.07,94.9,64.45,140.0,994,943,913,0.0,,,,,,14,14,12,1.0,99.4,98.23,112.9,84.65,150.0,252,246,163,1.0,80.15,78.58,94.99,76.5,130.9,943,891,878,0,1288,823,62,0,2,401,,,,542,,,481,,,4,,,50,,,267,,,65.71,81.44,15.73,72.25,94.9,22.65,,129.9,,99.4,99.39,-0.01,80.28,94.9,14.62,72.25,41,94.9,63,22.65,,75.94,72.25
2026-07-27 14:55:56,2026-07-27 17:55:56,1291,1136,65.6,64.1,81.9,58.45,130.0,1087,1001,1001,0,71.9,70.07,94.9,64.45,140.0,993,918,912,0,,,,,,15,15,13,1,99.4,98.23,112.9,84.65,150.0,251,232,163,1,80.15,78.58,94.99,76.5,130.9,942,868,878,0.0,1288,886,55,0,1,346,,,,617,,,567,,,4,,,69,,,283,,,65.71,80.99,15.28,72.25,94.9,22.65,,129.9,,99.4,99.39,-0.01,80.28,94.9,14.62,72.25,31,94.9,54,22.65,,75.94,72.25
2026-07-27 17:04:57,2026-07-27 20:04:57,1289,1168,65.6,64.1,81.9,58.45,130.0,1089,1037,1002,0,71.9,70.07,94.9,64.45,140.0,993,949,911,0,,,,,,14,14,13,0.5,99.4,98.23,112.9,84.65,150.0,252,246,163,1.0,80.15,78.58,94.99,76.25,130.9,943,900,878,0,1288,890,49,0,3,346,,,,626,,,581,,,5,,,67,,,326,,,65.71,80.99,15.28,72.25,94.9,22.65,,129.9,,99.4,99.39,-0.01,80.28,94.9,14.62,72.25,30,94.9,53,22.65,,75.94,72.25
2026-07-27 18:43:51,2026-07-27 21:43:51,1290,1172,65.6,64.1,81.9,58.45,130.0,1089,1040,1002,0,71.9,70.07,94.9,64.45,140.0,993,950,911,0,,,,,,14,14,13,0.5,99.4,98.23,112.9,84.65,150.0,252,246,163,1.0,80.15,78.58,94.99,76.25,130.9,943,904,878,0,1288,894,53,0,5,336,,,,659,,,597,,,3,,,76,,,296,,,65.71,80.99,15.28,72.25,94.9,22.65,,129.9,,99.15,99.39,0.24,80.28,94.9,14.62,72.25,30,94.9,53,22.65,,75.94,72.25
2026-07-27 20:38:48,2026-07-27 23:38:48,1289,1156,65.6,64.1,81.9,58.45,130.0,1087,1023,1000,0,71.9,70.07,94.9,64.45,140.0,991,935,910,0,,,,,,14,14,13,0.5,99.4,98.2,112.9,84.65,150.0,251,239,162,1,80.15,78.58,94.99,76.25,130.9,942,885,878,0.0,1288,882,44,0,5,357,,,,575,,,487,,,5,,,60,,,210,,,65.71,81.44,15.73,72.25,94.9,22.65,,129.9,,99.4,99.39,-0.01,80.28,94.9,14.62,72.25,31,94.9,52,22.65,,75.94,72.25
2026-07-27 22:13:47,2026-07-28 01:13:47,1291,1173,65.6,64.1,81.9,58.45,130.0,1089,1040,1004,0,71.9,70.07,94.9,64.45,140.0,975,936,912,0,,,,,,15,15,14,0,99.4,97.35,99.99,84.65,150.0,221,216,134,2,80.15,78.58,94.99,76.5,130.9,942,903,881,0.0,1288,898,41,0,5,344,,,,633,,,555,,,5,,,60,,,126,,,65.71,80.99,15.28,71.82,89.99,18.17,,129.9,,99.3,99.39,0.09,79.85,94.9,15.05,71.82,78,89.99,104,18.17,71.22,71.99,72.25
2026-07-28 00:08:24,2026-07-28 03:08:24,1288,1152,65.6,64.1,81.9,58.45,125.0,1088,1023,982,0.0,71.9,70.05,94.9,64.45,140.0,974,921,903,0.0,,,,,,15,14,13,1,99.4,98.59,99.99,84.65,150.0,223,216,125,3,80.15,78.58,94.99,76.5,130.9,942,887,875,0.0,1288,900,38,0,6,344,,,,603,,,517,,,1,,,59,,,48,,,65.71,80.99,15.28,72.53,89.99,17.46,99.99,129.9,29.91,99.4,99.39,-0.01,80.28,94.9,14.62,72.53,195,89.99,161,17.46,71.9,81.8,73.07
2026-07-28 04:18:01,2026-07-28 07:18:01,1290,1169,65.6,64.1,81.9,58.45,125.0,1090,1042,989,0.0,71.9,70.05,94.9,64.45,140.0,992,950,909,0.0,,,,,,15,15,13,1,99.4,98.85,112.9,84.65,150.0,251,246,157,1,80.15,78.58,94.99,76.5,130.9,943,905,880,0,1288,868,34,0,4,382,,,,447,,,281,,,4,,,28,,,159,,,65.71,80.99,15.28,73.07,89.99,16.92,99.99,129.9,29.91,99.4,112.9,13.5,80.28,94.9,14.62,73.07,147,89.99,156,16.92,71.08,81.8,73.07
2026-07-28 07:44:04,2026-07-28 10:44:04,1293,1172,65.6,64.1,81.9,58.45,125.0,1092,1043,995,0.0,71.9,70.07,94.9,64.45,140.0,994,947,913,0.0,,,,,,15,15,13,1,99.4,98.86,112.9,84.65,150.0,250,245,158,1.0,80.15,78.59,94.99,76.5,130.9,945,905,884,0,1288,864,47,0,5,372,,,,502,,,433,,,10,,,59,,,315,,,65.71,80.99,15.28,72.47,89.99,17.52,99.99,129.9,29.91,99.4,112.9,13.5,80.28,94.9,14.62,72.47,69,89.99,130,17.52,70.25,75.94,72.41
2026-07-28 10:43:05,2026-07-28 13:43:05,1292,1168,65.6,64.1,81.9,58.45,125.0,1092,1041,999,0.0,71.9,70.09,94.9,64.45,140.0,993,944,913,0,,,,,,14,14,12,1.0,99.4,98.86,112.9,84.65,150.0,249,245,158,1,80.15,78.59,94.99,76.25,130.9,943,902,884,0,1288,865,48,0,5,370,,,,585,,,476,,,7,,,63,,,245,,,65.71,80.99,15.28,72.42,89.99,17.57,99.99,129.9,29.91,99.4,112.9,13.5,80.28,94.9,14.62,72.42,49,89.99,122,17.57,,76.16,72.34
2026-07-28 12:58:30,2026-07-28 15:58:30,1292,1170,65.6,64.1,81.9,58.45,125.0,1092,1042,1000,0.0,71.9,70.07,94.9,64.45,140.0,993,946,913,0,,,,,,15,15,13,1,99.4,98.85,112.9,84.65,150.0,248,244,157,1.0,80.15,78.59,94.99,76.25,130.9,943,903,886,0,1288,871,54,0,4,359,,,,596,,,465,,,3,,,55,,,215,,,65.71,80.99,15.28,72.34,89.99,17.65,99.99,129.9,29.91,99.4,112.9,13.5,80.28,94.9,14.62,72.34,37,89.99,119,17.65,,76.16,72.25
2026-07-28 15:27:56,2026-07-28 18:27:56,1291,1177,65.6,64.1,81.9,58.45,120.0,1092,1047,1000,0.0,71.9,70.08,94.9,64.45,140.0,993,952,914,0,,,,,,15,15,13,1,99.4,98.74,112.9,84.65,150.0,251,247,160,1,80.15,78.59,94.99,76.5,130.9,945,909,890,0,1288,883,59,0,2,344,,,,590,,,485,,,4,,,65,,,241,,,65.71,80.99,15.28,72.41,89.99,17.58,99.99,129.9,29.91,99.4,112.9,13.5,80.28,94.9,14.62,72.41,32,89.99,112,17.58,,73.99,72.25
2026-07-28 17:42:42,2026-07-28 20:42:42,1294,1179,65.6,64.1,81.9,58.45,120.0,1093,1047,1001,0,71.9,70.08,94.9,64.45,140.0,994,950,915,0.0,,,,,,16,16,14,1.0,99.4,98.77,112.9,84.65,150.0,252,247,161,1.0,80.15,78.59,94.99,76.25,130.9,946,908,890,0.0,1288,875,60,0,3,350,,,,610,,,506,,,5,,,70,,,263,,,65.71,80.99,15.28,72.34,89.99,17.65,99.99,129.9,29.91,99.4,112.9,13.5,80.28,94.9,14.62,72.34,29,89.99,113,17.65,,75.94,72.25
2026-07-28 19:45:18,2026-07-28 22:45:18,1294,1177,65.6,64.1,81.9,58.45,120.0,1093,1045,1003,0,71.9,70.08,94.9,64.45,140.0,995,950,916,0,,,,,,16,16,14,1.0,99.4,98.77,112.9,84.65,150.0,252,244,161,1.0,80.15,78.59,94.99,76.25,130.9,946,905,892,0.0,1288,868,58,0,2,360,,,,630,,,527,,,5,,,67,,,200,,,65.71,80.99,15.28,72.34,89.99,17.65,99.99,129.9,29.91,99.4,112.9,13.5,80.28,94.9,14.62,72.34,29,89.99,111,17.65,,75.94,72.25
2026-07-28 21:16:41,2026-07-29 00:16:41,1293,1176,65.6,64.1,81.9,58.45,120.0,1091,1044,1001,0,71.9,70.06,94.9,64.45,140.0,993,948,916,0,,,,,,15,15,13,1,99.4,98.53,112.9,84.65,150.0,253,247,163,1,80.15,78.59,94.99,76.25,130.9,945,904,892,0,1288,879,59,0,3,347,,,,649,,,535,,,6,,,55,,,143,,,65.71,80.99,15.28,72.34,89.99,17.65,99.99,129.9,29.91,99.4,112.9,13.5,80.28,94.9,14.62,72.34,29,89.99,111,17.65,,75.94,72.25
2026-07-28 23:10:14,2026-07-29 02:10:14,1291,1172,65.6,64.1,81.9,58.45,120.0,1092,1043,1003,-1.0,71.9,70.08,94.9,64.45,140.0,994,949,918,-1.0,,,,,,16,16,14,1.0,99.4,98.16,112.9,84.65,150.0,253,247,166,0,80.15,78.59,94.99,76.5,130.9,945,905,894,-1,1288,886,54,0,2,346,,,,633,,,521,,,1,,,45,,,69,,,65.09,80.99,15.9,71.35,89.99,18.64,99.99,129.9,29.91,99.2,112.9,13.7,79.45,94.99,15.54,71.35,467,89.99,215,18.64,71.35,71.56,72.25
2026-07-29 03:28:24,2026-07-29 06:28:24,1289,1131,65.6,64.1,81.9,58.45,120.0,1092,1004,977,0.0,71.9,70.06,89.99,64.45,140.0,994,914,894,0.0,,,,,,16,16,13,1.5,99.4,98.06,112.9,84.65,150.0,254,234,163,1.0,80.15,78.59,94.99,76.5,130.9,944,870,872,0.0,1287,858,33,0,3,393,,,,427,,,217,,,4,,,31,,,51,,,65.71,75.47,9.76,72.52,75.19,2.67,99.99,129.9,29.91,99.4,99.39,-0.01,80.42,79.82,-0.6,72.52,202,75.19,101,2.67,71.9,78.9,73.07
2026-07-29 06:40:36,2026-07-29 09:40:36,1293,1176,65.6,64.1,81.9,58.45,120.0,1095,1047,984,0,71.9,70.05,90.03,64.45,140.0,996,949,900,0.0,,,,,,17,17,14,2,99.4,97.94,112.9,84.65,150.0,255,250,165,1,80.15,78.59,94.99,76.5,130.9,947,905,877,0,1287,848,32,0,5,402,,,,347,,,278,,,6,,,48,,,273,,,65.71,81.9,16.19,73.13,74.59,1.46,99.99,129.9,29.91,99.4,99.39,-0.01,80.42,87.79,7.37,73.13,84,74.59,77,1.46,71.9,79.84,73.07
2026-07-29 09:45:09,2026-07-29 12:45:09,1294,1179,65.6,64.1,81.9,58.45,120.0,1096,1050,997,0.0,71.9,70.09,89.99,64.45,140.0,996,952,902,0.0,,,,,,17,17,14,1,99.4,97.69,112.9,84.65,150.0,255,251,167,1,80.15,78.59,94.99,76.5,130.9,947,910,880,0,1287,836,44,0,13,394,,,,581,,,423,,,9,,,60,,,255,,,65.71,81.9,16.19,73.19,73.41,0.22,99.99,129.9,29.91,99.4,99.39,-0.01,80.28,94.9,14.62,73.19,59,73.41,56,0.22,71.9,74.49,73.07
2026-07-29 12:09:48,2026-07-29 15:09:48,1293,1175,65.6,64.1,81.9,58.45,120.0,1097,1048,1000,0,71.9,70.08,90.24,64.45,140.0,998,953,905,0.0,,,,,,19,19,16,1,99.4,97.35,112.9,84.65,150.0,256,251,170,0.0,80.15,78.59,94.99,76.5,130.9,948,908,880,0.0,1287,834,52,0,12,389,,,,576,,,442,,,4,,,74,,,204,,,65.71,81.9,16.19,73.19,72.16,-1.03,99.99,129.9,29.91,99.4,99.39,-0.01,80.35,94.9,14.55,73.19,44,72.16,50,-1.03,,86.0,73.07
2026-07-29 15:15:04,2026-07-29 18:15:04,1293,1179,65.6,64.1,81.9,58.45,120.0,1097,1051,1001,0,71.9,70.08,90.19,64.45,140.0,998,954,906,0.0,,,,,,20,20,16,1.0,99.4,97.35,112.9,84.65,150.0,256,252,170,0.0,80.15,78.59,94.99,76.25,130.9,949,912,882,0,1287,856,52,0,10,369,,,,572,,,463,,,9,,,77,,,238,,,65.71,81.9,16.19,73.07,72.11,-0.96,99.99,129.9,29.91,99.4,99.39,-0.01,80.31,94.9,14.59,73.07,35,72.11,47,-0.96,,,72.42
2026-07-29 17:23:34,2026-07-29 20:23:34,1291,1179,65.6,64.1,81.9,58.45,120.0,1096,1053,1001,0.0,71.9,70.09,89.99,64.45,130.0,997,956,906,0,,,,,,20,20,17,0.0,99.4,97.35,112.9,84.65,150.0,256,252,170,0.0,80.15,78.59,94.99,76.25,130.9,950,913,883,0.0,1287,848,56,1,7,375,,,,560,,,464,,,7,,,73,,,249,,,65.71,78.49,12.78,73.07,72.11,-0.96,99.99,129.9,29.91,99.4,99.39,-0.01,80.31,94.9,14.59,73.07,34,72.11,45,-0.96,,,72.42
2026-07-29 19:36:43,2026-07-29 22:36:43,1290,1148,65.6,64.1,81.9,58.45,120.0,1097,1025,1002,0,71.9,70.09,90.15,64.45,130.0,998,930,907,0.0,,,,,,21,20,18,0,99.4,97.35,112.9,84.65,150.0,256,242,170,0.0,80.15,78.59,94.99,76.5,130.9,950,884,884,0.0,1287,858,56,1,3,369,,,,608,,,499,,,4,,,77,,,167,,,65.71,79.0,13.29,72.77,72.06,-0.71,99.99,129.9,29.91,99.4,99.39,-0.01,80.31,94.9,14.59,72.77,32,72.06,44,-0.71,,,72.42
2026-07-29 21:06:45,2026-07-30 00:06:45,1291,1173,65.6,64.1,81.9,58.45,120.0,1097,1047,1002,0,71.9,70.09,90.15,64.45,130.0,998,951,907,0.0,,,,,,21,21,18,0,99.4,97.35,112.9,84.65,150.0,256,251,171,0.0,80.15,78.59,94.99,76.25,130.9,950,907,884,0.0,1283,848,51,1,5,378,,,,604,,,473,,,4,,,68,,,111,,,65.71,79.0,13.29,72.77,72.06,-0.71,99.99,129.9,29.91,99.4,99.39,-0.01,80.31,94.9,14.59,72.77,32,72.06,44,-0.71,,,72.42
2026-07-29 23:06:30,2026-07-30 02:06:30,1285,1108,65.6,64.1,81.9,58.45,115.0,1093,985,1004,-1,71.9,70.08,89.99,64.45,128.0,995,891,908,-1,,,,,,21,17,18,0,99.4,97.35,112.9,84.65,150.0,255,221,176,0,80.15,78.59,94.99,76.25,130.9,950,849,887,-1.0,1283,834,48,1,4,396,,,,96,,,90,,,3,,,26,,,61,,,65.09,80.99,15.9,71.35,89.99,18.64,99.99,129.9,29.91,99.2,112.9,13.7,79.57,94.99,15.42,71.35,475,89.99,200,18.64,71.35,71.66,72.46
2026-07-30 03:16:13,2026-07-30 06:16:13,1288,1157,65.6,64.1,81.9,58.45,115.0,1099,1030,1000,0,71.9,70.07,89.99,64.45,128.0,996,938,899,0.0,,,,,,19,19,16,1,99.4,97.79,112.9,84.65,150.0,255,242,173,1,80.15,78.59,94.99,76.25,130.9,950,895,883,0.0,1283,784,39,1,3,456,,,,74,,,61,,,1,,,13,,,37,,,65.82,68.99,3.17,72.46,73.41,0.95,99.99,129.9,29.91,99.4,99.39,-0.01,80.42,79.8,-0.62,72.46,199,73.41,94,0.95,71.9,72.42,73.07
2026-07-30 06:35:58,2026-07-30 09:35:58,1292,1179,65.6,64.1,81.9,58.45,115.0,1098,1050,1006,0.0,71.9,70.08,89.99,64.45,128.0,995,955,907,0,,,,,,21,21,18,1,99.4,97.84,112.9,84.65,150.0,256,253,176,1.0,80.15,78.58,94.99,76.25,130.9,950,915,883,0.0,1283,729,41,0,5,508,,,,211,,,237,,,3,,,42,,,235,,,65.82,81.9,16.08,73.19,82.0,8.81,99.99,129.9,29.91,99.4,99.39,-0.01,80.42,84.9,4.48,73.19,87,82.0,58,8.81,71.9,78.06,73.19
2026-07-30 09:36:34,2026-07-30 12:36:34,1293,1170,65.6,64.1,81.9,58.45,115.0,1098,1037,1008,0.0,71.9,70.05,89.99,64.45,128.0,995,943,907,0,,,,,,20,20,17,1.0,99.4,97.84,112.9,84.65,150.0,256,247,176,0.0,80.15,78.59,94.99,76.5,130.9,950,904,884,0.0,1283,551,66,0,18,648,,,,205,,,230,,,8,,,45,,,208,,,65.82,81.9,16.08,72.75,84.24,11.49,99.99,129.9,29.91,99.4,99.39,-0.01,80.42,94.9,14.48,72.75,58,84.24,46,11.49,71.9,71.13,72.56
2026-07-30 11:58:18,2026-07-30 14:58:18,1294,1183,65.6,64.1,81.9,58.45,112.0,1098,1051,996,0.0,71.9,70.05,89.99,64.45,128.0,988,953,899,0.0,,,,,,22,22,19,1.0,99.4,97.68,112.9,84.65,150.0,248,245,169,0.0,80.15,78.59,94.99,76.5,130.9,949,914,881,0,1283,622,66,0,18,577,,,,209,,,233,,,4,,,55,,,214,,,65.82,81.9,16.08,73.19,85.49,12.3,99.99,129.9,29.91,99.4,99.39,-0.01,80.42,92.9,12.48,73.19,43,85.49,43,12.3,,,72.69
2026-07-30 14:25:17,2026-07-30 17:25:17,1292,1182,65.6,64.1,81.9,58.45,115.0,1098,1051,1013,0.0,71.9,70.05,89.99,64.45,128.0,994,953,912,0.0,,,,,,22,22,19,1.0,99.4,97.85,112.9,84.65,150.0,255,253,177,0,80.15,78.59,94.99,76.25,130.9,949,915,883,0,1283,658,80,0,21,524,,,,187,,,195,,,3,,,53,,,185,,,65.82,81.9,16.08,73.19,89.0,15.81,99.99,129.9,29.91,99.4,99.39,-0.01,80.42,94.9,14.48,73.19,33,89.0,35,15.81,,,72.57
2026-07-30 16:42:35,2026-07-30 19:42:35,1293,1184,65.6,64.11,81.9,58.45,115.0,1098,1053,1013,0.0,71.9,70.05,89.99,64.45,128.0,994,955,913,0.0,,,,,,22,22,19,1.0,99.4,97.89,112.9,84.65,150.0,255,253,180,0,80.15,78.58,94.99,76.25,130.9,948,915,883,0.0,1283,674,82,0,27,500,,,,234,,,230,,,7,,,69,,,220,,,65.82,81.9,16.08,73.19,85.49,12.3,99.99,129.9,29.91,99.4,99.39,-0.01,80.38,94.9,14.52,73.19,32,85.49,35,12.3,,,72.69
2026-07-30 18:24:40,2026-07-30 21:24:40,1292,1180,65.6,64.1,81.9,58.45,112.0,1098,1049,1011,0.0,71.9,70.05,89.99,64.45,128.0,994,952,913,0.0,,,,,,23,23,20,1,99.4,97.91,112.9,84.65,150.0,255,254,183,0,80.15,78.58,94.99,76.25,130.9,950,914,883,0.0,1283,668,80,0,26,509,,,,214,,,221,,,6,,,65,,,212,,,65.82,81.9,16.08,73.19,82.99,9.8,99.99,129.9,29.91,99.4,99.39,-0.01,80.35,94.9,14.55,73.19,32,82.99,33,9.8,,,72.69
2026-07-30 20:20:42,2026-07-30 23:20:42,1291,1179,65.6,64.1,81.9,58.45,112.0,1098,1049,1012,0.0,71.9,70.07,89.99,64.45,128.0,994,954,913,0.0,,,,,,23,23,20,1,99.4,97.91,112.9,84.65,150.0,255,253,183,0,80.15,78.58,94.99,76.25,130.9,950,915,883,0.0,1283,642,77,0,31,533,,,,160,,,169,,,0,,,53,,,167,,,65.82,81.9,16.08,73.19,80.99,7.8,99.99,129.9,29.91,99.4,99.39,-0.01,80.31,94.9,14.59,73.19,31,80.99,33,7.8,,,72.69
2026-07-30 22:15:01,2026-07-31 01:15:01,1292,1181,65.6,64.1,81.9,58.45,112.0,1097,1050,1010,0,71.9,70.05,89.99,64.45,128.0,992,954,912,0.0,,,,,,23,23,20,1,99.4,97.82,112.9,84.65,150.0,253,250,185,0,80.15,78.59,94.99,76.5,130.9,948,913,881,0.0,1283,828,52,0,12,391,,,,583,,,445,,,0,,,71,,,96,,,65.72,77.25,11.53,71.9,76.49,4.59,99.99,129.9,29.91,99.4,99.39,-0.01,80.0,94.9,14.9,71.9,76,76.49,42,4.59,71.35,71.31,72.46
2026-07-31 00:11:38,2026-07-31 03:11:38,1291,1165,65.6,64.1,81.9,58.45,115.0,1100,1036,1012,0.0,71.9,70.05,89.99,64.45,128.0,996,935,913,0.0,,,,,,23,22,20,2,99.4,97.35,112.9,84.65,150.0,255,244,190,1,80.15,78.59,94.99,76.0,130.9,950,898,881,0.0,1283,799,51,0,11,422,,,,116,,,102,,,0,,,32,,,36,,,65.82,68.99,3.17,72.65,71.94,-0.71,99.99,129.9,29.91,99.4,99.39,-0.01,80.42,79.67,-0.75,72.65,208,71.94,94,-0.71,71.1,75.44,73.19
2026-07-31 04:30:54,2026-07-31 07:30:54,1291,1125,65.6,64.1,81.9,58.45,115.0,1098,999,1011,0.0,71.9,70.05,89.99,64.45,128.0,994,910,911,0.0,,,,,,23,23,20,2,99.4,97.35,112.9,84.65,150.0,255,233,189,1,80.15,78.58,94.99,76.0,130.9,949,864,880,0,1283,749,44,0,15,475,,,,137,,,126,,,2,,,32,,,148,,,65.82,68.99,3.17,73.03,72.11,-0.92,99.99,129.9,29.91,99.4,99.39,-0.01,80.42,79.79,-0.63,73.03,150,72.11,83,-0.92,70.67,74.44,73.11
2026-07-31 08:04:36,2026-07-31 11:04:36,1294,1188,65.6,64.12,81.9,58.45,115.0,1099,1056,1027,0,71.9,70.05,89.99,64.45,128.0,995,957,913,0,,,,,,24,24,21,1.0,99.4,97.35,112.9,84.65,150.0,254,253,188,1.0,80.15,78.59,94.99,76.0,130.9,951,919,886,0,1283,715,51,0,23,494,,,,200,,,196,,,13,,,65,,,228,,,65.82,74.98,9.16,73.19,72.22,-0.97,99.99,129.9,29.91,99.4,99.39,-0.01,80.42,85.45,5.03,73.19,54,72.22,54,-0.97,70.25,72.42,73.19
2026-07-31 10:49:02,2026-07-31 13:49:02,1293,1165,65.6,64.14,81.9,58.45,115.0,1098,1034,1031,0.0,71.9,70.05,89.99,64.45,128.0,995,938,915,0,,,,,,24,23,21,1.0,99.4,97.35,112.9,84.65,150.0,254,246,192,0.0,80.15,78.59,94.99,76.5,130.9,951,900,887,0,1283,547,64,0,25,647,,,,198,,,196,,,11,,,64,,,209,,,65.82,81.9,16.08,73.19,72.22,-0.97,99.99,129.9,29.91,99.4,99.39,-0.01,80.42,87.8,7.38,73.19,42,72.22,47,-0.97,,,73.19
2026-07-31 13:02:55,2026-07-31 16:02:55,1293,1189,65.6,64.14,81.9,58.45,115.0,1096,1057,1030,0.0,71.9,70.05,89.99,64.45,128.0,997,962,925,0,,,,,,25,25,22,0,99.4,97.35,112.9,84.65,150.0,255,252,193,0,80.15,78.6,94.99,76.9,130.9,951,921,887,0,1283,584,69,0,32,598,,,,176,,,166,,,6,,,49,,,172,,,65.82,81.9,16.08,73.19,72.22,-0.97,99.99,129.9,29.91,99.4,99.39,-0.01,80.42,89.0,8.58,73.19,34,72.22,41,-0.97,,,72.94
2026-07-31 15:26:55,2026-07-31 18:26:55,1293,1182,65.6,64.1,81.9,58.45,115.0,1097,1051,993,0,71.9,70.05,89.99,64.45,128.0,984,945,903,0.0,,,,,,25,25,22,0,99.4,97.3,112.9,84.65,150.0,240,237,179,0.0,80.15,78.59,94.99,76.5,130.9,953,917,890,0,1283,618,80,0,30,555,,,,222,,,222,,,7,,,57,,,218,,,65.82,81.9,16.08,73.19,71.85,-1.34,99.99,129.9,29.91,99.4,99.39,-0.01,80.42,89.94,9.52,73.19,34,71.85,36,-1.34,,,72.94
2026-07-31 17:47:51,2026-07-31 20:47:51,1292,1181,65.6,64.14,81.9,58.45,115.0,1098,1051,1032,0.0,71.9,70.05,89.99,64.45,128.0,998,956,927,0.0,,,,,,25,25,22,0,99.4,97.33,112.9,84.65,150.0,257,254,198,0,80.15,78.59,94.99,76.0,130.9,954,917,891,0.0,1283,815,48,0,14,406,,,,567,,,401,,,7,,,86,,,190,,,65.82,81.9,16.08,73.19,71.71,-1.48,99.99,129.9,29.91,99.4,99.39,-0.01,80.42,89.91,9.49,73.19,33,71.71,35,-1.48,,,72.94
2026-07-31 19:45:45,2026-07-31 22:45:45,1293,1148,65.6,64.14,81.9,58.45,115.0,1098,1019,1032,0.0,71.9,70.05,89.99,64.45,128.0,998,928,928,0.0,,,,,,25,25,22,0,99.4,97.34,112.9,84.65,150.0,257,241,199,0,80.15,78.59,94.99,76.0,130.9,954,888,891,0.0,1283,846,43,0,8,386,,,,622,,,477,,,6,,,94,,,145,,,65.82,81.9,16.08,73.19,71.71,-1.48,99.99,129.9,29.91,99.4,99.39,-0.01,80.42,89.91,9.49,73.19,32,71.71,34,-1.48,,,72.94
2026-07-31 21:15:28,2026-08-01 00:15:28,1292,1180,65.6,64.14,81.9,58.45,115.0,1097,1049,1032,0,71.9,70.05,89.99,64.45,128.0,997,955,929,0,,,,,,25,25,22,0,99.4,97.3,112.9,84.65,150.0,259,254,201,0,80.15,78.59,94.99,76.0,130.9,953,914,890,0,1283,859,40,0,8,376,,,,626,,,506,,,2,,,88,,,115,,,65.82,81.9,16.08,73.19,71.71,-1.48,99.99,129.9,29.91,99.4,99.39,-0.01,80.42,89.45,9.03,73.19,33,71.71,33,-1.48,,,72.69
2026-07-31 23:11:08,2026-08-01 02:11:08,1290,1101,65.6,64.14,84.99,58.45,115.0,1095,975,1033,-1,71.92,70.05,93.99,64.45,128.0,995,886,948,-1,,,,,,25,24,23,0,99.4,97.3,112.9,84.65,150.0,255,214,202,0,80.15,78.59,94.99,76.5,120.0,950,838,890,-1.0,1283,865,35,0,7,376,,,,638,,,531,,,4,,,85,,,78,,,65.09,82.0,16.91,71.38,93.99,22.61,99.99,129.9,29.91,99.2,112.9,13.7,79.62,94.9,15.28,71.38,474,93.99,210,22.61,71.35,71.68,72.69
2026-08-01 03:42:13,2026-08-01 06:42:13,1288,1135,65.6,64.1,84.99,58.45,112.0,1095,1010,1022,0,71.93,70.05,93.99,64.45,128.0,994,919,942,0.0,,,,,,25,23,22,1,99.4,97.3,112.9,84.65,150.0,256,241,201,1.0,80.15,78.59,94.99,76.25,120.0,950,876,883,0.0,1283,840,22,0,4,417,,,,488,,,246,,,2,,,42,,,40,,,65.82,68.99,3.17,72.65,74.09,1.44,99.99,129.9,29.91,99.4,99.39,-0.01,80.42,79.9,-0.52,72.65,206,74.09,107,1.44,71.07,74.94,72.69
2026-08-01 06:37:22,2026-08-01 09:37:22,1295,1131,65.6,64.13,84.99,58.45,112.0,1097,1006,1029,0,71.92,70.05,93.99,64.45,128.0,996,915,945,0.0,,,,,,25,24,22,1,99.4,97.3,112.9,84.65,150.0,257,236,203,1,80.15,78.59,94.99,76.0,110.0,953,873,885,0,1283,813,20,0,4,446,,,,339,,,181,,,5,,,43,,,151,,,65.82,69.47,3.65,72.81,75.19,2.38,99.99,129.9,29.91,99.4,99.39,-0.01,80.42,81.09,0.67,72.81,150,75.19,95,2.38,70.65,73.99,72.81
2026-08-01 09:11:58,2026-08-01 12:11:58,1296,1162,65.6,64.14,84.99,58.45,112.0,1097,1030,1032,0,71.92,70.05,93.99,64.45,110.0,997,940,946,0,,,,,,25,25,22,1,99.4,97.3,112.9,84.65,150.0,257,253,205,1,80.15,78.59,94.99,76.0,110.0,953,899,885,0,1283,803,27,0,3,450,,,,481,,,318,,,8,,,51,,,183,,,65.82,73.0,7.18,73.19,75.59,2.4,99.99,129.9,29.91,99.4,99.39,-0.01,80.42,87.79,7.37,73.19,98,75.59,85,2.4,71.08,74.49,73.19
2026-08-01 11:24:30,2026-08-01 14:24:30,1296,1115,65.6,64.14,84.99,58.45,112.0,1098,985,1034,0.0,71.92,70.05,93.99,64.45,110.0,998,897,947,0.0,,,,,,25,25,22,1,99.4,97.3,112.9,84.65,150.0,257,239,205,1,80.15,78.59,94.99,76.0,120.0,954,858,886,0.0,1283,779,34,0,4,466,,,,537,,,410,,,10,,,70,,,211,,,65.82,74.98,9.16,73.19,80.49,7.3,99.99,129.9,29.91,99.4,99.39,-0.01,80.42,88.0,7.58,73.19,84,80.49,76,7.3,71.08,74.49,72.69
2026-08-01 13:46:17,2026-08-01 16:46:17,1295,1152,65.6,64.14,84.99,58.45,112.0,1098,1022,1036,0.0,71.92,70.05,93.99,64.45,110.0,999,932,948,0,,,,,,25,25,22,1,99.4,97.3,112.9,84.65,150.0,258,253,206,0.0,80.15,78.59,94.99,76.0,120.0,955,890,887,0,1283,778,43,0,5,457,,,,564,,,409,,,7,,,87,,,171,,,65.82,77.25,11.43,73.0,81.0,8.0,99.99,129.9,29.91,99.4,99.39,-0.01,80.42,89.45,9.03,73.0,70,81.0,73,8.0,71.08,73.99,72.65
2026-08-01 15:09:27,2026-08-01 18:09:27,1296,1155,65.6,64.14,84.99,58.45,112.0,1098,1025,1037,0.0,71.92,70.05,93.99,64.45,110.0,999,933,948,0,,,,,,25,25,22,1,99.4,97.3,112.9,84.65,150.0,259,253,207,0,80.15,78.59,94.99,76.0,120.0,955,892,888,0,1283,799,42,0,6,436,,,,596,,,450,,,5,,,90,,,192,,,65.82,71.99,6.17,73.19,72.22,-0.97,99.99,129.9,29.91,99.4,99.39,-0.01,80.42,88.0,7.58,73.19,60,72.22,52,-0.97,,74.99,72.69
2026-08-01 17:10:06,2026-08-01 20:10:06,1296,1107,65.6,64.14,84.99,58.45,112.0,1098,977,1041,0.0,71.92,70.05,93.99,64.45,110.0,999,889,949,0,,,,,,25,24,22,1,99.4,97.3,112.9,84.65,150.0,260,237,207,0.0,80.15,78.59,94.99,76.0,120.0,955,850,888,0,1283,811,47,0,7,418,,,,593,,,436,,,7,,,95,,,165,,,65.82,68.99,3.17,73.19,72.16,-1.03,99.99,129.9,29.91,99.4,99.39,-0.01,80.42,87.79,7.37,73.19,55,72.16,50,-1.03,,74.49,72.67
2026-08-01 19:22:08,2026-08-01 22:22:08,1295,1147,65.6,64.14,84.99,58.45,112.0,1099,1019,1042,0,71.93,70.05,93.99,64.45,110.0,999,926,950,0,,,,,,25,25,22,1,99.4,97.3,112.9,84.65,150.0,260,254,209,0.0,80.15,78.59,94.99,76.0,120.0,955,884,888,0,1283,823,43,0,8,409,,,,585,,,429,,,5,,,82,,,119,,,65.82,68.99,3.17,72.81,72.22,-0.59,99.99,129.9,29.91,99.4,99.39,-0.01,80.42,87.79,7.37,72.81,53,72.22,49,-0.59,,74.49,72.65
2026-08-01 21:03:55,2026-08-02 00:03:55,1294,1148,65.6,64.14,84.99,58.45,112.0,1098,1019,1042,0.0,71.94,70.05,93.99,64.45,110.0,998,927,949,0.0,,,,,,25,25,22,0,99.4,97.3,112.9,84.65,150.0,260,253,209,0.0,80.15,78.59,94.99,76.5,120.0,954,883,887,0.0,1283,827,41,0,8,407,,,,616,,,470,,,6,,,84,,,109,,,65.82,68.97,3.15,72.81,72.16,-0.65,99.99,129.9,29.91,99.4,99.39,-0.01,80.42,88.0,7.58,72.81,53,72.16,46,-0.65,,74.49,72.65
2026-08-01 22:06:45,2026-08-02 01:06:45,1293,1150,65.6,64.14,84.99,58.45,112.0,1097,1022,1041,0,71.94,70.05,93.99,64.45,110.0,996,930,948,0.0,,,,,,24,24,21,0.5,99.4,97.3,112.9,84.65,150.0,258,252,211,0.0,80.15,78.59,94.99,76.5,120.0,951,883,885,0,1283,843,40,0,6,394,,,,639,,,496,,,3,,,81,,,87,,,65.82,68.99,3.17,72.37,74.59,2.22,99.99,129.9,29.91,99.4,99.39,-0.01,80.12,94.9,14.78,72.37,97,74.59,47,2.22,71.35,71.31,72.53
2026-08-02 00:04:30,2026-08-02 03:04:30,1292,1144,65.6,64.14,84.99,58.45,105.0,1098,1017,1031,0.0,71.94,70.05,93.99,64.45,110.0,997,925,946,0,,,,,,27,27,24,0,99.4,97.3,116.9,84.65,150.0,258,252,208,1.0,80.15,78.59,94.99,76.5,110.0,952,882,879,0.0,1283,843,33,0,5,402,,,,614,,,480,,,1,,,74,,,39,,,65.82,66.92,1.1,72.54,75.59,3.05,99.99,129.9,29.91,99.4,99.39,-0.01,80.42,79.67,-0.75,72.54,216,75.59,121,3.05,71.9,74.9,72.81
2026-08-02 03:47:11,2026-08-02 06:47:11,1293,1145,65.6,64.13,84.99,58.45,115.0,1099,1018,1029,0,71.94,70.05,93.99,64.45,118.0,996,925,945,0.0,,,,,,27,27,24,0,99.4,97.3,116.9,84.65,150.0,259,254,208,1,80.15,78.6,94.99,76.5,110.0,950,880,878,0.0,1283,807,26,0,2,448,,,,470,,,257,,,1,,,34,,,28,,,65.82,67.29,1.47,72.46,76.29,3.83,99.99,129.9,29.91,99.4,99.39,-0.01,80.42,79.67,-0.75,72.46,216,76.29,122,3.83,71.5,73.32,72.81
2026-08-02 06:40:41,2026-08-02 09:40:41,1294,1138,65.6,64.14,84.99,58.45,115.0,1097,1010,1033,0,71.94,70.05,93.99,64.45,118.0,995,917,943,0,,,,,,27,27,24,0,99.4,97.33,116.9,84.65,150.0,258,252,207,1.0,80.15,78.6,94.99,76.5,110.0,950,872,877,0.0,1283,787,20,0,3,473,,,,304,,,149,,,1,,,25,,,95,,,65.82,67.29,1.47,72.66,78.89,6.23,99.99,129.9,29.91,99.4,99.39,-0.01,80.42,79.89,-0.53,72.66,186,78.89,116,6.23,71.07,73.99,72.81
2026-08-02 09:16:05,2026-08-02 12:16:05,1294,1139,65.6,64.12,84.99,58.45,115.0,1099,1010,1036,0,71.94,70.05,93.99,64.45,118.0,996,919,945,0.0,,,,,,27,27,24,0,99.4,97.3,116.9,84.65,150.0,259,253,209,1,80.15,78.6,94.99,76.5,110.0,951,873,879,0,1283,768,23,0,3,489,,,,407,,,232,,,5,,,46,,,136,,,65.82,67.69,1.87,73.19,89.95,16.76,,129.9,,99.4,99.39,-0.01,80.42,81.09,0.67,73.19,131,89.95,98,16.76,70.25,74.99,72.81
2026-08-02 11:22:58,2026-08-02 14:22:58,1294,1113,65.6,64.14,84.99,58.45,115.0,1098,984,1035,0.0,71.94,70.05,93.99,64.45,118.0,995,895,944,0,,,,,,27,25,24,0,99.4,97.3,116.9,84.65,150.0,258,244,208,0.5,80.15,78.6,94.99,76.5,110.0,950,851,878,0.0,1283,763,25,0,6,489,,,,483,,,314,,,4,,,72,,,159,,,65.82,68.33,2.51,73.19,92.94,19.75,,129.9,,99.4,99.39,-0.01,80.42,81.09,0.67,73.19,117,92.94,94,19.75,70.25,74.99,72.81
2026-08-02 13:46:42,2026-08-02 16:46:42,1294,1108,65.6,64.14,84.99,58.45,115.0,1098,980,1036,0.0,71.94,70.05,93.99,64.45,118.0,995,892,944,0,,,,,,28,26,25,0.0,99.4,97.3,116.9,84.65,150.0,258,240,209,0.0,80.15,78.6,94.99,76.5,110.0,950,845,879,0.0,1283,761,40,0,8,474,,,,539,,,390,,,6,,,82,,,194,,,65.82,68.97,3.15,73.19,93.99,20.8,,129.9,,99.4,99.39,-0.01,80.42,81.09,0.67,73.19,104,93.99,89,20.8,70.05,74.99,72.92
2026-08-02 15:10:36,2026-08-02 18:10:36,1294,1153,65.6,64.14,84.99,58.45,115.0,1097,1025,1036,0,71.93,70.05,93.99,64.45,118.0,993,931,942,0,,,,,,28,28,25,0.0,99.4,97.3,116.9,84.65,150.0,258,254,209,0.0,80.15,78.59,94.99,76.25,110.0,950,886,880,0.0,1283,785,39,0,6,453,,,,555,,,413,,,7,,,90,,,174,,,65.82,68.33,2.51,73.19,93.99,20.8,,129.9,,99.4,99.39,-0.01,80.42,87.0,6.58,73.19,94,93.99,86,20.8,,73.99,72.92
2026-08-02 17:10:26,2026-08-02 20:10:26,1292,1152,65.6,64.14,84.99,58.45,115.0,1098,1025,1038,0.0,71.94,70.05,93.99,64.45,118.0,994,932,943,0.0,,,,,,28,28,25,0.0,99.4,97.3,116.9,84.65,150.0,258,254,209,0.0,80.15,78.59,94.99,76.25,110.0,950,887,882,0.0,1283,797,43,0,6,437,,,,537,,,385,,,5,,,93,,,146,,,65.82,68.97,3.15,73.19,93.99,20.8,,129.9,,99.4,99.39,-0.01,80.42,86.0,5.58,73.19,85,93.99,86,20.8,,73.99,72.81
2026-08-02 19:22:53,2026-08-02 22:22:53,1294,1154,65.6,64.14,84.99,58.45,115.0,1098,1025,1038,0.0,71.94,70.05,93.99,64.45,118.0,994,932,943,0.0,,,,,,28,28,25,0.0,99.4,97.3,116.9,84.65,150.0,258,254,210,0.0,80.15,78.59,94.99,76.25,110.0,950,889,882,0.0,1283,810,45,0,7,421,,,,569,,,430,,,5,,,89,,,137,,,65.82,68.99,3.17,73.19,93.99,20.8,,129.9,,99.4,99.39,-0.01,80.42,83.55,3.13,73.19,79,93.99,85,20.8,,73.53,72.81
2026-08-02 21:04:28,2026-08-03 00:04:28,1290,1148,65.6,64.14,84.99,58.45,115.0,1096,1023,1036,0.0,71.94,70.05,93.99,64.45,118.0,993,927,942,0,,,,,,28,28,25,0.0,99.4,97.3,116.9,84.65,150.0,258,251,210,0.0,80.15,78.6,94.99,76.5,110.0,948,885,882,0.0,1282,827,45,0,8,402,,,,602,,,466,,,7,,,81,,,115,,,65.82,68.97,3.15,73.19,93.99,20.8,,129.9,,99.4,99.39,-0.01,80.42,86.0,5.58,73.19,77,93.99,84,20.8,,73.53,72.75
2026-08-02 22:06:00,2026-08-03 01:06:00,1293,1151,65.6,64.14,84.99,58.45,115.0,1093,1025,1036,0,71.94,70.05,93.99,64.45,118.0,992,931,942,0.0,,,,,,27,27,25,0,99.4,97.3,116.9,84.65,150.0,255,249,210,0,80.15,78.6,94.99,76.5,110.0,945,886,882,0,1282,834,41,0,8,399,,,,612,,,480,,,5,,,78,,,97,,,65.82,71.99,6.17,72.37,93.99,21.62,,129.9,,99.4,99.39,-0.01,80.1,94.9,14.8,72.37,127,93.99,85,21.62,71.35,71.95,72.81
2026-08-03 00:05:59,2026-08-03 03:05:59,1291,1151,65.6,64.12,84.99,58.45,115.0,1094,1025,1027,0.0,71.92,70.05,93.99,64.45,118.0,993,932,939,0,,,,,,26,26,23,0.0,99.4,97.22,116.9,84.65,150.0,255,249,203,1,80.15,78.6,94.99,76.5,110.0,947,890,879,0,1282,835,35,0,7,405,,,,613,,,465,,,1,,,65,,,36,,,65.82,65.67,-0.15,72.46,76.99,4.53,99.99,129.9,29.91,99.4,99.39,-0.01,80.42,79.67,-0.75,72.46,219,76.99,119,4.53,71.9,74.44,72.69
2026-08-03 04:37:30,2026-08-03 07:37:30,1291,1152,65.6,64.12,84.99,58.45,115.0,1094,1028,1027,0.0,71.92,70.05,93.99,64.45,118.0,993,935,939,0,,,,,,27,27,24,0,99.4,97.23,116.9,84.65,150.0,256,251,204,1.0,80.15,78.6,94.99,76.5,110.0,946,892,879,0.0,1282,812,25,0,6,439,,,,357,,,159,,,1,,,25,,,92,,,65.82,67.29,1.47,72.69,83.94,11.25,99.99,129.9,29.91,99.4,99.39,-0.01,80.42,79.79,-0.63,72.69,172,83.94,116,11.25,71.5,73.99,72.69
2026-08-03 08:37:05,2026-08-03 11:37:05,1294,1171,65.6,64.14,84.99,58.45,115.0,1095,1043,1034,0,71.92,70.05,93.99,64.45,118.0,994,949,941,0.0,,,,,,27,27,24,0,99.4,97.3,116.9,84.65,150.0,255,252,202,0,80.15,78.59,94.99,76.0,110.0,948,902,885,0.0,1282,803,24,0,8,447,,,,468,,,316,,,3,,,51,,,185,,,65.82,68.99,3.17,73.19,84.24,11.05,99.99,129.9,29.91,99.4,99.39,-0.01,80.42,86.0,5.58,73.19,90,84.24,96,11.05,,74.9,72.69
2026-08-03 12:33:31,2026-08-03 15:33:31,1295,1171,65.6,64.14,84.99,58.45,115.0,1097,1041,1041,0,71.92,70.05,93.99,64.45,118.0,996,948,945,0.0,,,,,,27,27,24,0,99.4,97.3,116.9,84.65,150.0,256,252,203,0.0,80.15,78.6,94.99,76.0,110.0,950,902,889,0.0,1282,796,26,0,11,449,,,,573,,,406,,,6,,,67,,,168,,,65.82,68.99,3.17,73.19,87.0,13.81,99.99,129.9,29.91,99.4,99.39,-0.01,80.45,89.91,9.46,73.19,71,87.0,86,13.81,,72.38,72.69
2026-08-03 15:49:19,2026-08-03 18:49:19,1296,1109,65.6,64.14,84.99,58.45,115.0,1097,980,1041,0,71.92,70.05,93.99,64.45,118.0,996,889,945,0.0,,,,,,27,25,24,0,99.39,97.17,99.99,84.65,150.0,230,208,175,0.0,80.15,78.6,94.99,76.0,110.0,950,845,892,0.0,1282,806,31,0,9,436,,,,512,,,334,,,6,,,68,,,168,,,65.82,83.9,18.08,73.19,93.99,20.8,99.99,129.9,29.91,99.4,99.39,-0.01,80.5,89.91,9.41,73.19,65,93.99,126,20.8,,72.38,72.75
2026-08-03 17:59:48,2026-08-03 20:59:48,1295,1138,65.6,64.14,84.99,58.45,115.0,1097,1008,1043,0,71.92,70.05,93.99,64.45,118.0,996,918,945,0.0,,,,,,27,22,24,0,99.4,97.3,116.9,84.65,150.0,256,238,203,0.0,80.15,78.6,94.99,76.0,110.0,950,873,892,0.0,1282,813,30,0,6,433,,,,521,,,320,,,6,,,59,,,176,,,65.82,65.43,-0.39,73.19,86.0,12.81,99.99,129.9,29.91,99.4,99.39,-0.01,80.5,89.91,9.41,73.19,62,86.0,79,12.81,,72.38,72.81
2026-08-03 19:49:01,2026-08-03 22:49:01,1294,1171,65.6,64.14,84.99,58.45,115.0,1096,1040,1042,0.0,71.92,70.05,93.99,64.45,118.0,995,949,944,0,,,,,,27,27,24,0,99.4,97.3,116.9,84.65,150.0,256,252,204,0.0,80.15,78.6,94.99,76.5,110.0,950,906,892,0.0,1282,819,30,0,6,427,,,,562,,,395,,,5,,,64,,,149,,,65.82,66.56,0.74,73.19,85.75,12.56,99.99,129.9,29.91,99.4,99.39,-0.01,80.5,89.91,9.41,73.19,61,85.75,76,12.56,,69.85,72.81
2026-08-03 21:14:33,2026-08-04 00:14:33,1294,1171,65.6,64.14,84.99,58.45,105.0,1095,1040,1042,0,71.92,70.05,93.99,64.45,110.0,994,950,942,0.0,,,,,,26,26,23,0.0,99.4,97.3,116.9,84.65,150.0,256,251,204,0.0,80.15,78.6,94.99,76.25,110.0,950,905,891,0.0,1282,832,28,0,5,417,,,,601,,,457,,,2,,,68,,,94,,,65.82,68.34,2.52,73.19,85.75,12.56,99.99,129.9,29.91,99.4,99.39,-0.01,80.5,89.95,9.45,73.19,61,85.75,76,12.56,,69.85,72.81
2026-08-03 23:12:56,2026-08-04 02:12:56,1293,1169,65.6,64.15,84.99,58.45,115.0,1096,1040,1044,-1.0,71.92,70.06,93.99,64.45,118.0,995,949,947,-1,,,,,,27,27,24,-1,99.4,97.24,116.9,84.65,140.0,252,246,205,0.0,80.15,78.6,94.99,76.5,110.0,948,904,894,-1.0,1282,841,24,0,5,412,,,,623,,,481,,,1,,,65,,,48,,,65.07,83.9,18.83,71.49,93.99,22.5,99.99,129.9,29.91,99.2,116.9,17.7,79.52,94.9,15.38,71.49,495,93.99,235,22.5,71.35,71.56,72.69
2026-08-04 03:29:10,2026-08-04 06:29:10,1292,1169,65.6,64.15,84.99,58.45,115.0,1095,1041,1029,0,71.9,70.05,93.99,64.45,118.0,994,948,929,0.0,,,,,,27,27,24,0,99.4,97.15,116.9,84.65,150.0,253,248,200,1,80.15,78.6,94.99,76.5,110.0,947,904,881,0,1282,819,19,0,3,441,,,,428,,,203,,,1,,,26,,,48,,,65.82,67.69,1.87,72.54,75.59,3.05,99.99,129.9,29.91,99.4,99.39,-0.01,80.42,79.8,-0.62,72.54,197,75.59,112,3.05,71.9,74.44,72.81
2026-08-04 06:36:05,2026-08-04 09:36:05,1292,1169,65.6,64.15,84.99,58.45,115.0,1095,1040,1036,0,71.91,70.05,93.99,64.45,118.0,994,948,930,0.0,,,,,,27,27,24,0,99.4,97.14,116.9,84.65,150.0,252,245,199,1.0,80.15,78.6,94.99,76.0,110.0,948,904,881,0.0,1282,806,22,0,6,448,,,,288,,,193,,,4,,,31,,,178,,,65.82,68.99,3.17,73.19,85.49,12.3,99.99,129.9,29.91,99.4,99.39,-0.01,80.42,81.29,0.87,73.19,122,85.49,99,12.3,70.67,85.85,73.19
2026-08-04 09:44:24,2026-08-04 12:44:24,1293,1170,65.6,64.15,84.99,58.45,115.0,1096,1043,1038,0.0,71.9,70.05,93.99,64.45,118.0,995,949,931,0,,,,,,27,27,24,0,99.2,97.0,99.4,84.65,150.0,220,216,165,1.0,80.15,78.6,94.99,76.0,110.0,948,906,888,0.0,1282,783,30,0,4,465,,,,512,,,330,,,4,,,59,,,185,,,65.82,84.99,19.17,73.19,93.99,20.8,99.99,129.9,29.91,99.4,112.9,13.5,80.42,89.91,9.49,73.19,78,93.99,131,20.8,71.1,82.0,72.69
2026-08-04 12:08:14,2026-08-04 15:08:14,1291,1175,65.6,64.15,84.99,58.45,115.0,1097,1050,1042,0,71.9,70.05,93.99,64.45,118.0,995,953,931,0,,,,,,27,27,24,0,99.4,97.14,116.9,84.65,150.0,251,247,199,0,80.15,78.6,94.99,76.0,110.0,949,912,890,0,1282,771,37,0,7,467,,,,554,,,380,,,7,,,64,,,151,,,65.82,69.28,3.46,73.19,91.9,18.71,99.99,129.9,29.91,99.4,99.39,-0.01,80.42,90.44,10.02,73.19,70,91.9,81,18.71,,75.99,72.69
2026-08-04 15:31:01,2026-08-04 18:31:01,1294,1180,65.6,64.15,84.99,58.45,115.0,1098,1054,1043,0.0,71.9,70.05,93.99,64.45,118.0,995,957,932,0,,,,,,27,27,24,0,99.39,97.1,116.9,84.65,150.0,235,231,184,0,80.15,78.6,94.99,76.0,110.0,949,914,893,0,1282,796,38,0,8,440,,,,540,,,380,,,3,,,72,,,175,,,65.82,83.9,18.08,73.19,93.99,20.8,99.99,129.9,29.91,99.4,106.15,6.75,80.42,90.9,10.48,73.19,61,93.99,103,20.8,,84.24,73.19
2026-08-04 17:58:29,2026-08-04 20:58:29,1293,1177,65.6,64.15,84.99,58.45,115.0,1097,1051,1042,0,71.9,70.05,93.99,64.45,118.0,994,951,931,0.0,,,,,,27,27,24,0,99.4,97.15,116.9,84.65,150.0,252,249,201,0.0,80.15,78.6,94.99,76.0,110.0,948,909,892,0.0,1282,803,42,0,7,430,,,,566,,,419,,,6,,,81,,,203,,,65.82,68.99,3.17,73.19,89.95,16.76,99.99,129.9,29.91,99.4,99.39,-0.01,80.42,90.9,10.48,73.19,59,89.95,74,16.76,,84.24,73.19
2026-08-04 19:48:23,2026-08-04 22:48:23,1295,1175,65.6,64.15,84.99,58.45,115.0,1096,1050,1041,0.0,71.91,70.05,93.99,64.45,118.0,993,952,930,0,,,,,,27,27,24,0,99.4,97.15,116.9,84.65,150.0,251,247,200,0,80.15,78.6,94.99,76.0,110.0,947,908,891,0,1282,814,34,0,7,427,,,,606,,,445,,,5,,,79,,,152,,,65.82,68.99,3.17,73.19,88.0,14.81,99.99,129.9,29.91,99.4,99.39,-0.01,80.42,90.9,10.48,73.19,59,88.0,73,14.81,,84.24,73.19
2026-08-04 21:21:25,2026-08-05 00:21:25,1295,1180,65.6,64.15,84.99,58.45,115.0,1098,1054,1042,0.0,71.9,70.05,93.99,64.45,118.0,995,954,932,0,,,,,,27,27,24,0,99.4,97.15,116.9,84.65,150.0,251,248,200,0,80.15,78.6,94.99,76.0,110.0,949,913,893,0,1282,830,30,0,7,415,,,,624,,,474,,,3,,,73,,,104,,,65.82,68.99,3.17,73.19,86.75,13.56,99.99,129.9,29.91,99.4,99.39,-0.01,80.42,90.9,10.48,73.19,59,86.75,74,13.56,,84.24,73.19
2026-08-04 23:11:49,2026-08-05 02:11:49,1292,1180,65.6,64.14,84.99,58.45,115.0,1095,1054,1041,-1,71.9,70.05,93.99,64.45,118.0,991,952,928,-1,,,,,,27,27,24,0,99.4,97.15,116.9,84.65,140.0,248,245,200,0.0,80.15,78.6,94.99,76.25,110.0,945,912,890,-1,1282,827,24,0,6,425,,,,637,,,483,,,2,,,62,,,55,,,65.13,83.9,18.77,71.49,93.99,22.5,99.99,129.9,29.91,98.9,116.9,18.0,79.52,94.9,15.38,71.49,494,93.99,227,22.5,71.35,71.68,73.19
2026-08-05 03:24:13,2026-08-05 06:24:13,1291,1178,65.6,64.1,84.99,58.45,115.0,1095,1049,1017,0,71.9,70.05,93.99,64.45,118.0,992,948,905,0.0,,,,,,28,28,25,1.0,99.39,97.11,116.9,84.65,140.0,250,248,194,1.0,80.15,78.62,94.99,76.9,110.0,945,910,884,0,1282,809,21,0,4,448,,,,447,,,213,,,2,,,28,,,53,,,65.82,68.0,2.18,72.65,82.99,10.34,99.99,129.9,29.91,99.4,99.39,-0.01,80.42,79.67,-0.75,72.65,184,82.99,107,10.34,70.67,73.99,72.81
2026-08-05 06:37:07,2026-08-05 09:37:07,1294,1183,65.6,64.1,84.99,58.45,115.0,1097,1052,1024,0,71.9,70.05,93.99,64.45,118.0,994,954,908,0.0,,,,,,28,28,25,1.0,99.39,97.11,116.9,84.65,140.0,250,247,194,1.0,80.15,78.6,94.99,76.0,110.0,948,915,886,0.0,1282,805,21,0,4,452,,,,270,,,177,,,4,,,56,,,189,,,65.82,68.99,3.17,72.69,87.7,15.01,99.99,129.9,29.91,99.4,99.39,-0.01,80.42,81.09,0.67,72.69,115,87.7,94,15.01,71.5,74.9,72.56
2026-08-05 09:42:57,2026-08-05 12:42:57,1293,1177,65.6,64.1,84.99,58.45,115.0,1097,1047,1025,0,71.9,70.05,93.99,64.45,132.0,994,950,911,0.0,,,,,,28,28,25,0.5,99.39,97.11,116.9,84.65,140.0,250,247,194,1.0,80.15,78.6,94.99,76.0,110.0,948,911,887,0.0,1282,785,24,0,4,469,,,,508,,,302,,,7,,,64,,,165,,,65.82,68.99,3.17,73.19,92.94,19.75,99.99,129.9,29.91,99.4,99.39,-0.01,80.42,85.91,5.49,73.19,87,92.94,90,19.75,71.1,75.44,72.69
2026-08-05 12:06:26,2026-08-05 15:06:26,1294,1184,65.6,64.1,84.99,58.45,115.0,1097,1052,1024,0,71.9,70.05,93.99,64.45,132.0,994,954,907,0.0,,,,,,27,27,24,1,99.2,97.04,116.9,84.65,140.0,233,231,175,1,80.15,78.6,94.99,76.0,110.0,948,918,888,0.0,1282,791,30,0,2,459,,,,547,,,352,,,3,,,67,,,154,,,65.82,82.45,16.63,72.81,93.99,21.18,99.99,129.9,29.91,99.4,99.39,-0.01,80.42,88.0,7.58,72.81,75,93.99,103,21.18,71.1,74.9,72.69
2026-08-05 15:22:26,2026-08-05 18:22:26,1295,1182,65.6,64.1,84.99,58.45,105.0,1097,1050,1025,0,71.9,70.05,93.99,64.45,132.0,993,952,911,0,,,,,,28,28,25,0.0,99.39,97.05,116.9,84.65,140.0,251,249,196,0,80.15,78.6,94.99,76.0,110.0,948,915,887,0.0,1282,814,38,0,4,426,,,,528,,,343,,,2,,,75,,,174,,,65.82,68.99,3.17,73.0,93.99,20.99,99.99,129.9,29.91,99.4,99.39,-0.01,80.42,90.9,10.48,73.0,66,93.99,77,20.99,71.1,74.9,72.69
2026-08-05 17:49:46,2026-08-05 20:49:46,1293,1181,65.6,64.1,84.99,58.45,105.0,1097,1051,1026,0,71.9,70.05,93.99,64.45,132.0,994,953,913,0.0,,,,,,28,28,26,0.0,99.39,97.04,116.9,84.65,140.0,251,249,195,0,80.15,78.6,94.99,76.0,110.0,948,915,888,0.0,1282,816,37,0,5,424,,,,550,,,367,,,4,,,83,,,191,,,65.82,68.99,3.17,73.19,93.99,20.8,99.99,129.9,29.91,99.4,99.39,-0.01,80.42,89.45,9.03,73.19,64,93.99,75,20.8,71.1,75.44,72.69
2026-08-05 19:48:08,2026-08-05 22:48:08,1292,1181,65.6,64.1,84.99,58.45,105.0,1097,1051,1027,0,71.9,70.05,93.99,64.45,132.0,996,955,915,0.0,,,,,,28,28,26,0.0,99.4,97.05,116.9,84.65,140.0,251,249,196,0,80.15,78.6,94.99,76.0,110.0,948,916,889,0.0,1282,825,35,0,4,418,,,,584,,,412,,,3,,,79,,,151,,,65.82,68.99,3.17,73.19,93.99,20.8,99.99,129.9,29.91,99.4,99.39,-0.01,80.42,90.9,10.48,73.19,62,93.99,73,20.8,71.1,75.44,72.69
2026-08-05 21:21:04,2026-08-06 00:21:04,1293,1183,65.6,64.1,84.99,58.45,105.0,1097,1053,1027,0,71.9,70.05,93.99,64.45,132.0,997,959,917,0,,,,,,28,28,26,0.0,99.39,97.06,116.9,84.65,140.0,251,248,197,0,80.15,78.6,94.99,76.0,110.0,948,918,890,0.0,1282,844,29,0,5,404,,,,620,,,447,,,3,,,74,,,119,,,65.82,68.99,3.17,73.19,92.94,19.75,99.99,129.9,29.91,99.4,99.39,-0.01,80.42,90.9,10.48,73.19,62,92.94,72,19.75,71.1,75.44,72.69
2026-08-05 23:10:54,2026-08-06 02:10:54,1291,1183,65.6,64.1,84.99,58.45,105.0,1095,1052,1025,-1,71.9,70.05,93.99,64.45,132.0,995,957,915,-1,,,,,,28,28,26,0.0,99.39,97.06,116.9,84.65,140.0,252,250,197,0.0,80.15,78.6,94.99,76.25,110.0,945,916,888,-1,1282,846,27,0,5,404,,,,602,,,437,,,1,,,61,,,50,,,65.05,83.9,18.85,71.49,93.99,22.5,99.99,129.9,29.91,98.9,116.9,18.0,79.59,94.9,15.31,71.49,489,93.99,227,22.5,71.35,71.68,72.69
2026-08-06 03:27:54,2026-08-06 06:27:54,1291,1182,65.6,64.1,84.99,58.45,105.0,1097,1054,997,0,71.9,70.05,93.99,64.45,132.0,997,959,875,0,,,,,,28,27,25,1.0,99.4,97.0,116.9,84.65,140.0,254,251,193,1.0,80.15,78.6,94.99,76.0,110.0,948,918,889,0.0,1282,814,28,0,5,435,,,,420,,,199,,,2,,,32,,,45,,,65.82,66.89,1.07,72.47,72.22,-0.25,99.99,129.9,29.91,99.4,99.39,-0.01,80.42,79.84,-0.58,72.47,178,72.22,90,-0.25,71.1,72.36,73.03
2026-08-06 06:40:14,2026-08-06 09:40:14,1297,1182,65.6,64.1,84.99,58.45,105.0,1099,1052,1004,0,71.9,70.05,93.99,64.45,132.0,998,958,877,0.0,,,,,,28,27,25,1.0,99.39,97.0,116.9,84.65,140.0,253,249,193,1,80.15,78.59,94.99,76.0,110.0,950,916,891,0.0,1282,804,31,0,4,443,,,,311,,,184,,,6,,,52,,,221,,,65.82,67.99,2.17,73.19,72.16,-1.03,99.99,129.9,29.91,99.4,99.39,-0.01,80.42,83.99,3.57,73.19,105,72.16,88,-1.03,70.67,75.44,72.81
2026-08-06 09:45:51,2026-08-06 12:45:51,1294,1182,65.6,64.1,84.99,58.45,105.0,1097,1053,1007,0,71.9,70.01,93.99,64.45,132.0,998,960,863,0.0,,,,,,28,27,25,1.0,99.2,97.0,116.9,84.65,140.0,241,237,180,1,80.15,78.59,94.99,76.0,110.0,950,917,894,0.0,1282,770,33,0,2,477,,,,476,,,289,,,2,,,49,,,163,,,65.82,67.99,2.17,73.19,72.0,-1.19,99.99,129.9,29.91,99.4,99.39,-0.01,80.42,85.91,5.49,73.19,87,72.0,75,-1.19,71.1,75.44,73.19
2026-08-06 12:09:00,2026-08-06 15:09:00,1297,1187,65.6,64.1,84.99,58.45,105.0,1098,1056,1012,0.0,71.9,70.05,93.99,64.45,122.0,999,961,882,0,,,,,,28,27,25,1.0,99.39,97.04,116.9,84.65,140.0,254,252,195,0.0,80.15,78.59,94.99,76.0,110.0,950,920,896,0.0,1282,784,32,0,1,465,,,,533,,,347,,,2,,,68,,,182,,,65.82,67.99,2.17,73.19,71.98,-1.21,99.99,129.9,29.91,99.4,99.39,-0.01,80.42,86.69,6.27,73.19,71,71.98,73,-1.21,71.1,75.99,73.19
2026-08-06 15:21:55,2026-08-06 18:21:55,1294,1182,65.6,64.1,84.99,58.45,105.0,1098,1053,1014,0.0,71.9,70.05,93.99,64.45,122.0,999,962,882,0,,,,,,28,28,25,1.0,99.39,97.04,116.9,84.65,140.0,254,250,195,0.0,80.15,78.59,94.99,76.0,110.0,950,917,896,0.0,1282,795,52,0,0,435,,,,501,,,319,,,4,,,79,,,205,,,65.82,67.99,2.17,73.19,71.66,-1.53,99.99,129.9,29.91,99.4,99.39,-0.01,80.42,86.3,5.88,73.19,63,71.66,65,-1.53,71.1,75.44,73.19
2026-08-14 09:32:13,2026-08-14 12:32:13,1291,1099,65.6,64.09,88.99,62.56,115.0,1098,980,964,0.0,72.29,70.14,99.18,68.07,122.0,995,900,659,1,,,,,,28,28,21,0.0,99.4,97.1,120.9,89.9,140.0,265,252,171,2,80.15,78.58,94.99,76.0,122.0,953,851,907,0,1283,572,348,87,22,254,,,,283,,,248,,,19,,,39,,,382,,,65.82,78.49,12.67,71.9,87.4,15.5,99.99,129.9,29.91,99.4,99.39,-0.01,80.42,81.9,1.48,71.9,144,87.4,83,15.5,71.62,72.42,72.16
2026-08-14 10:12:39,2026-08-14 13:12:39,1292,1090,65.6,64.1,88.99,62.56,115.0,1099,972,967,0,72.27,70.15,99.09,68.07,122.0,995,892,660,1,,,,,,28,28,21,0.0,99.4,97.1,120.9,89.9,140.0,265,246,171,2,80.15,78.58,94.99,76.0,122.0,953,842,907,0,1283,526,365,100,36,256,,,,294,,,249,,,20,,,40,,,389,,,65.82,78.49,12.67,71.9,89.9,18.0,99.99,129.9,29.91,99.4,99.39,-0.01,80.42,81.9,1.48,71.9,137,89.9,81,18.0,71.62,72.42,71.94
2026-08-14 11:52:04,2026-08-14 14:52:04,1290,1094,65.6,64.1,88.99,62.56,115.0,1099,975,967,0,72.27,70.15,99.0,68.07,122.0,995,895,660,2,,,,,,28,28,21,0.0,99.4,97.0,120.9,89.9,140.0,244,226,149,2.0,80.15,78.58,94.99,76.0,122.0,952,843,905,0.0,1283,465,445,109,23,241,,,,252,,,205,,,22,,,46,,,342,,,65.82,78.49,12.67,71.9,96.9,25.0,99.99,129.9,29.91,99.4,99.39,-0.01,80.42,81.9,1.48,71.9,134,96.9,131,25.0,71.62,72.42,71.94
2026-08-14 13:24:22,2026-08-14 16:24:22,1291,1148,65.6,64.1,88.99,62.56,115.0,1100,1030,968,0.0,72.22,70.15,99.94,68.07,122.0,996,938,663,1.0,,,,,,28,28,21,0.0,99.4,97.01,120.9,89.9,140.0,256,239,162,2.0,80.15,78.58,94.99,76.0,122.0,953,895,907,0,1283,437,467,126,25,228,,,,275,,,231,,,29,,,56,,,358,,,65.82,78.49,12.67,71.9,96.9,25.0,99.99,129.9,29.91,99.4,99.39,-0.01,80.42,81.9,1.48,71.9,125,96.9,98,25.0,71.62,72.36,71.94
2026-08-14 15:00:26,2026-08-14 18:00:26,1293,1152,65.6,64.1,88.99,62.56,115.0,1099,1026,967,0,72.22,70.16,99.95,68.5,122.0,996,936,663,1.0,,,,,,28,28,21,0.0,99.4,97.19,120.9,95.78,140.0,263,248,170,2,80.15,78.59,94.99,76.0,122.0,952,897,906,0.0,1283,445,493,124,21,200,,,,289,,,236,,,35,,,55,,,403,,,65.82,73.74,7.92,71.9,87.9,16.0,99.99,129.9,29.91,99.4,99.39,-0.01,80.42,85.9,5.48,71.9,121,87.9,74,16.0,71.35,72.3,71.94
2026-08-14 15:59:18,2026-08-14 18:59:18,1293,1152,65.6,64.1,88.99,62.56,115.0,1099,1025,967,0,72.23,70.16,99.95,68.5,122.0,996,936,664,1.0,,,,,,28,28,21,0.0,99.4,97.2,120.9,95.78,140.0,264,250,171,1.0,80.15,78.58,94.99,76.0,122.0,952,896,906,0.0,1283,464,473,128,26,192,,,,300,,,234,,,34,,,54,,,417,,,65.82,73.74,7.92,71.9,87.9,16.0,99.99,129.9,29.91,99.4,99.39,-0.01,80.42,83.9,3.48,71.9,119,87.9,70,16.0,71.35,72.3,71.94
2026-08-14 17:01:45,2026-08-14 20:01:45,1291,1147,65.6,64.1,88.99,62.56,115.0,1100,1023,968,0.0,72.22,70.17,100.5,68.5,122.0,996,934,666,1.0,,,,,,28,28,21,0.0,99.4,97.11,120.9,89.9,140.0,264,250,172,1.0,80.15,78.58,94.99,76.0,122.0,953,896,908,0,1283,444,485,127,30,197,,,,260,,,211,,,28,,,50,,,386,,,65.82,68.99,3.17,71.9,89.9,18.0,99.99,129.9,29.91,99.4,99.39,-0.01,80.42,81.9,1.48,71.9,117,89.9,69,18.0,71.35,72.3,71.94
2026-08-14 17:58:59,2026-08-14 20:58:59,1291,1149,65.6,64.1,88.99,62.56,115.0,1100,1025,968,0.0,72.22,70.17,100.5,68.5,122.0,996,935,666,1.0,,,,,,28,28,21,0.0,99.4,97.11,120.9,89.9,140.0,264,251,172,1.0,80.15,78.58,94.99,76.0,122.0,952,897,907,0.0,1283,427,509,123,20,204,,,,253,,,190,,,21,,,47,,,371,,,65.82,68.99,3.17,71.9,89.9,18.0,99.99,129.9,29.91,99.4,99.39,-0.01,80.42,83.9,3.48,71.9,117,89.9,69,18.0,71.35,72.3,71.94
2026-08-14 19:05:42,2026-08-14 22:05:42,1290,1147,65.6,64.1,88.99,62.56,115.0,1100,1024,968,0.0,72.19,70.19,99.99,68.5,140.0,996,934,671,1.0,,,,,,28,28,21,0.0,99.4,97.11,120.9,89.9,140.0,264,250,172,1.0,80.15,78.59,94.99,76.0,122.0,952,895,907,0.0,1283,468,498,105,13,199,,,,238,,,197,,,24,,,45,,,334,,,65.82,73.74,7.92,71.9,93.99,22.09,99.99,129.9,29.91,99.4,99.39,-0.01,80.42,85.9,5.48,71.9,114,93.99,66,22.09,71.35,72.29,71.94
2026-08-14 20:38:10,2026-08-14 23:38:10,1289,1148,65.6,64.1,88.99,62.56,115.0,1099,1025,967,0,72.2,70.19,100.09,68.5,140.0,995,935,670,1,,,,,,28,28,21,0.0,99.4,97.11,120.9,89.9,140.0,264,250,172,1.0,80.15,78.58,94.99,76.0,122.0,952,898,910,0.0,1283,675,400,23,6,179,,,,240,,,191,,,17,,,50,,,310,,,65.82,78.49,12.67,71.9,93.99,22.09,99.99,129.9,29.91,99.4,99.39,-0.01,80.42,85.9,5.48,71.9,110,93.99,66,22.09,71.62,72.42,71.94
2026-08-14 21:33:19,2026-08-15 00:33:19,1290,1150,65.6,64.09,88.99,62.56,115.0,1098,1025,966,0.0,72.22,70.18,99.96,68.5,140.0,994,936,669,1.0,,,,,,28,28,21,0.0,99.4,97.11,120.9,89.9,140.0,264,250,172,1.0,80.15,78.59,94.99,76.0,122.0,951,898,908,0,1283,704,371,22,2,184,,,,239,,,191,,,17,,,53,,,301,,,65.82,73.74,7.92,71.9,93.99,22.09,99.99,129.9,29.91,99.4,99.39,-0.01,80.42,85.94,5.52,71.9,109,93.99,66,22.09,71.62,72.42,71.94
2026-08-14 22:32:45,2026-08-15 01:32:45,1291,1156,65.6,64.1,88.99,62.56,115.0,1098,1028,966,0.0,72.22,70.21,101.0,68.5,140.0,993,940,670,1,,,,,,28,28,21,0.0,99.4,97.06,120.9,89.9,140.0,248,235,157,2.0,80.15,78.59,94.99,76.0,122.0,948,901,907,0.0,1283,717,363,19,3,181,,,,251,,,206,,,13,,,47,,,303,,,65.47,82.9,17.43,71.9,96.9,25.0,99.99,129.9,29.91,99.4,114.95,15.55,80.07,94.9,14.83,71.9,151,96.9,127,25.0,71.62,71.95,71.94
2026-08-14 23:29:27,2026-08-15 02:29:27,1290,1153,65.6,64.1,88.99,62.56,127.0,1099,1028,967,0,72.2,70.25,101.0,69.39,140.0,994,940,670,1.0,,,,,,27,27,20,-1,99.4,97.08,120.9,89.9,140.0,249,237,159,1,80.15,78.59,94.99,76.0,122.0,948,902,907,-1.0,1283,746,337,15,3,182,,,,232,,,191,,,10,,,44,,,271,,,65.05,85.9,20.85,71.74,96.9,25.16,99.99,129.9,29.91,99.4,120.9,21.5,79.57,85.91,6.34,71.74,252,96.9,223,25.16,71.62,71.95,71.94
2026-08-15 01:43:48,2026-08-15 04:43:48,1289,1152,65.6,64.1,88.99,62.56,127.0,1099,1028,950,0,72.3,70.25,101.0,69.39,140.0,994,941,646,1.0,,,,,,28,28,20,0.0,99.4,97.41,120.9,89.9,140.0,264,249,165,2.0,80.15,78.59,94.99,76.0,122.0,948,898,905,0.0,1283,779,282,11,2,209,,,,186,,,141,,,8,,,29,,,175,,,65.6,85.9,20.3,71.9,96.9,25.0,99.99,119.45,19.46,99.4,120.9,21.5,80.42,81.9,1.48,71.9,232,96.9,154,25.0,71.35,71.71,72.37
2026-08-15 02:58:49,2026-08-15 05:58:49,1289,1153,65.6,64.1,88.99,62.56,127.0,1099,1029,949,0,72.29,70.25,101.0,69.39,140.0,994,940,645,1.0,,,,,,27,27,19,0,99.4,97.41,120.9,89.9,140.0,264,250,165,2.0,80.15,78.59,94.99,76.0,122.0,948,899,904,0.0,1283,766,269,8,3,237,,,,200,,,158,,,8,,,25,,,211,,,65.6,85.9,20.3,71.9,96.9,25.0,99.99,119.45,19.46,99.4,120.9,21.5,80.42,81.9,1.48,71.9,229,96.9,156,25.0,71.35,71.68,72.37
2026-08-15 03:47:31,2026-08-15 06:47:31,1289,1153,65.6,64.1,88.99,62.56,127.0,1099,1029,950,0,72.29,70.25,101.0,69.39,140.0,994,940,645,1.0,,,,,,28,28,20,0.0,99.4,97.41,120.9,89.9,140.0,264,250,165,2.0,80.15,78.59,94.99,76.0,122.0,948,899,904,0.0,1283,756,266,7,4,250,,,,207,,,172,,,11,,,31,,,272,,,65.6,85.9,20.3,71.9,96.9,25.0,99.99,119.45,19.46,99.4,120.9,21.5,80.42,81.59,1.17,71.9,221,96.9,154,25.0,71.35,71.63,72.37
2026-08-15 04:39:46,2026-08-15 07:39:46,1288,1149,65.6,64.1,88.99,62.56,127.0,1098,1025,950,0.0,72.3,70.25,101.0,69.39,140.0,993,937,645,1,,,,,,29,29,21,0,99.4,97.39,120.9,89.9,140.0,263,251,164,2,80.15,78.59,94.99,76.0,122.0,947,898,903,0,1283,737,278,8,4,256,,,,219,,,191,,,14,,,41,,,314,,,65.6,85.9,20.3,71.9,96.9,25.0,99.99,119.45,19.46,99.4,120.9,21.5,80.42,81.9,1.48,71.9,213,96.9,150,25.0,71.35,71.49,72.37
2026-08-15 05:32:51,2026-08-15 08:32:51,1288,1141,65.6,64.1,88.99,62.56,127.0,1098,1018,950,0.0,72.3,70.25,101.0,69.39,140.0,993,932,647,1,,,,,,29,29,21,0,99.4,97.39,120.9,89.9,140.0,263,248,164,2,80.15,78.59,94.99,76.0,122.0,947,891,904,0,1283,731,282,6,4,260,,,,206,,,185,,,14,,,38,,,336,,,65.6,85.9,20.3,71.9,96.9,25.0,99.99,119.45,19.46,99.4,120.9,21.5,80.42,81.59,1.17,71.9,207,96.9,146,25.0,71.35,71.49,72.37
2026-08-15 06:52:05,2026-08-15 09:52:05,1288,1135,65.6,64.1,89.35,62.56,127.0,1095,1013,947,0,72.3,70.25,101.0,69.39,140.0,991,923,647,1,,,,,,29,29,21,0,99.4,97.55,120.9,95.78,140.0,262,245,163,2.0,80.15,78.6,94.99,76.25,122.0,945,885,902,0,1283,731,274,10,3,265,,,,259,,,237,,,20,,,41,,,395,,,65.6,85.9,20.3,71.9,96.9,25.0,99.99,129.9,29.91,99.4,120.9,21.5,80.42,81.19,0.77,71.9,202,96.9,143,25.0,71.35,71.48,72.37
2026-08-15 07:36:39,2026-08-15 10:36:39,1287,1136,65.6,64.1,89.9,62.56,127.0,1095,1014,949,0,72.3,70.25,101.0,69.39,140.0,990,925,645,1.0,,,,,,29,29,21,0,99.4,97.39,120.9,89.9,140.0,263,247,164,2,80.15,78.59,94.99,76.25,122.0,945,885,902,0,1283,728,283,15,3,254,,,,262,,,237,,,18,,,44,,,427,,,65.6,85.9,20.3,71.9,96.9,25.0,99.99,129.9,29.91,99.4,120.9,21.5,80.42,81.09,0.67,71.9,197,96.9,140,25.0,71.35,71.48,72.37
2026-08-15 08:38:46,2026-08-15 11:38:46,1289,1144,65.6,64.1,89.26,62.56,127.0,1096,1020,948,0.0,72.29,70.25,101.0,69.39,140.0,990,931,643,1.0,,,,,,29,29,21,0,99.4,97.39,120.9,89.9,140.0,262,248,164,2.0,80.15,78.58,94.99,76.0,122.0,947,889,904,0,1283,733,280,17,3,250,,,,267,,,229,,,17,,,42,,,405,,,65.6,85.9,20.3,71.9,96.9,25.0,99.99,129.9,29.91,99.4,120.9,21.5,80.42,81.09,0.67,71.9,189,96.9,135,25.0,71.35,71.47,72.37
2026-08-15 09:33:35,2026-08-15 12:33:35,1290,1142,65.6,64.1,89.9,62.56,127.0,1097,1018,951,0,72.27,70.22,101.0,68.07,140.0,991,930,644,1,,,,,,29,29,21,0,99.4,97.36,120.9,89.9,140.0,260,245,162,2.0,80.15,78.58,94.99,76.0,122.0,947,891,904,0,1283,736,295,13,4,235,,,,277,,,240,,,15,,,49,,,429,,,65.6,85.9,20.3,71.9,96.9,25.0,99.99,129.9,29.91,99.4,120.9,21.5,80.42,81.09,0.67,71.9,179,96.9,134,25.0,71.35,71.49,72.37
2026-08-15 10:31:15,2026-08-15 13:31:15,1290,1141,65.6,64.1,89.99,62.56,127.0,1097,1016,952,0,72.27,70.22,101.0,68.07,140.0,991,929,644,1,,,,,,29,29,21,0,99.4,97.38,120.9,89.9,140.0,261,247,163,2,80.15,78.58,94.99,76.0,122.0,947,889,904,0,1283,733,304,10,3,233,,,,282,,,243,,,20,,,48,,,404,,,65.52,85.9,20.38,71.9,96.9,25.0,99.99,129.9,29.91,99.4,120.9,21.5,80.42,81.29,0.87,71.9,172,96.9,132,25.0,71.62,71.56,72.37
2026-08-15 11:28:14,2026-08-15 14:28:14,1290,1136,65.6,64.1,89.99,62.56,127.0,1097,1011,952,0,72.29,70.23,101.0,68.07,140.0,991,925,645,1,,,,,,29,29,21,0,99.4,97.38,120.9,89.9,140.0,261,246,163,2,80.15,78.58,94.99,76.0,122.0,946,885,903,0.0,1283,729,315,12,1,226,,,,256,,,232,,,17,,,46,,,389,,,65.52,85.9,20.38,71.9,96.9,25.0,99.99,129.9,29.91,99.4,120.9,21.5,80.42,81.29,0.87,71.9,170,96.9,132,25.0,71.62,71.49,72.37
2026-08-15 12:53:10,2026-08-15 15:53:10,1289,1141,65.6,64.1,89.9,62.56,127.0,1095,1013,952,0,72.3,70.24,101.0,68.07,140.0,990,928,648,1.0,,,,,,29,29,21,0,99.4,97.42,120.9,89.9,140.0,263,250,166,2,80.15,78.58,94.99,76.0,122.0,947,892,904,0,1283,717,350,15,4,197,,,,275,,,229,,,29,,,49,,,394,,,65.6,85.9,20.3,71.9,96.9,25.0,99.99,129.9,29.91,99.4,120.9,21.5,80.42,81.9,1.48,71.9,162,96.9,129,25.0,71.62,71.49,72.37
2026-08-15 13:37:14,2026-08-15 16:37:14,1289,1139,65.6,64.1,89.98,62.56,127.0,1095,1014,952,0,72.29,70.24,101.0,68.07,140.0,990,929,649,1.0,,,,,,29,29,21,0,99.4,97.45,120.9,89.9,160.0,265,252,168,2,80.15,78.58,94.99,76.0,122.0,947,894,904,0,1283,731,348,11,4,189,,,,273,,,222,,,28,,,49,,,402,,,65.52,85.9,20.38,71.9,96.9,25.0,99.99,129.9,29.91,99.4,120.9,21.5,80.42,81.9,1.48,71.9,159,96.9,124,25.0,71.62,71.53,72.37
2026-08-15 14:31:13,2026-08-15 17:31:13,1290,1136,65.6,64.1,90.0,62.56,127.0,1096,1010,953,0.0,72.3,70.25,101.0,68.07,140.0,991,926,651,1,,,,,,29,29,21,0,99.4,97.45,120.9,89.9,160.0,265,252,168,2,80.15,78.58,94.99,76.0,122.0,947,890,904,0,1283,734,357,9,5,178,,,,269,,,209,,,24,,,53,,,408,,,65.72,85.9,20.18,71.9,96.9,25.0,99.99,129.9,29.91,99.4,120.9,21.5,80.42,81.9,1.48,71.9,157,96.9,121,25.0,71.35,71.49,72.37
2026-08-15 15:29:15,2026-08-15 18:29:15,1289,1137,65.6,64.1,90.0,62.56,127.0,1094,1009,952,0.0,72.29,70.24,101.0,68.07,140.0,989,925,649,1,,,,,,28,28,19,0.0,99.4,97.45,120.9,89.9,160.0,264,251,168,2.0,80.15,78.58,94.99,76.0,122.0,947,891,903,0,1283,734,355,16,4,174,,,,282,,,221,,,22,,,51,,,405,,,65.72,85.9,20.18,71.9,96.9,25.0,99.99,129.9,29.91,99.4,120.9,21.5,80.42,81.9,1.48,71.9,155,96.9,119,25.0,71.35,71.49,72.37
2026-08-15 16:34:37,2026-08-15 19:34:37,1290,1136,65.6,64.1,90.0,62.56,127.0,1095,1009,956,0,72.29,70.25,101.0,68.07,140.0,990,925,652,1.0,,,,,,28,28,19,0.0,99.4,97.45,120.9,89.9,160.0,264,250,168,2.0,80.15,78.58,94.99,76.0,122.0,947,890,903,0,1283,731,357,18,7,170,,,,278,,,202,,,16,,,53,,,415,,,65.72,85.9,20.18,71.9,96.9,25.0,99.99,129.9,29.91,99.4,120.9,21.5,80.42,81.9,1.48,71.9,152,96.9,120,25.0,71.35,71.49,72.37
2026-08-15 17:27:52,2026-08-15 20:27:52,1290,1140,65.6,64.1,90.38,62.56,127.0,1097,1013,959,0,72.3,70.25,101.0,68.07,140.0,992,928,655,1.0,,,,,,29,29,20,0,99.4,97.47,120.9,89.9,160.0,265,252,169,2,80.15,78.58,94.99,76.0,122.0,948,893,905,0.0,1283,722,383,10,5,163,,,,247,,,174,,,15,,,41,,,360,,,65.78,85.9,20.12,71.9,96.9,25.0,99.99,129.9,29.91,99.4,120.9,21.5,80.42,83.43,3.01,71.9,150,96.9,120,25.0,71.35,71.49,72.37
2026-08-15 18:40:31,2026-08-15 21:40:31,1290,1133,65.6,64.1,90.38,62.56,127.0,1097,1006,959,0,72.3,70.25,101.0,68.07,140.0,992,924,655,1.0,,,,,,29,29,20,0,99.4,97.48,120.9,89.9,160.0,265,250,170,2,80.15,78.58,94.99,76.0,122.0,947,888,904,0,1283,734,375,13,3,158,,,,218,,,183,,,19,,,46,,,363,,,65.82,85.9,20.08,71.9,96.9,25.0,99.99,129.9,29.91,99.4,120.9,21.5,80.42,83.43,3.01,71.9,146,96.9,118,25.0,71.62,71.49,72.37
2026-08-15 19:27:54,2026-08-15 22:27:54,1289,1134,65.6,64.1,90.19,62.56,127.0,1097,1009,960,0,72.3,70.25,101.0,68.07,140.0,992,927,656,1.0,,,,,,29,29,20,0,99.4,97.48,120.9,89.9,160.0,265,252,170,2,80.15,78.58,94.99,76.0,122.0,947,890,904,0,1283,723,390,10,2,158,,,,218,,,182,,,11,,,43,,,359,,,65.82,85.9,20.08,71.9,96.9,25.0,99.99,129.9,29.91,99.4,120.9,21.5,80.42,83.45,3.03,71.9,141,96.9,118,25.0,71.62,71.49,72.37
2026-08-15 20:32:32,2026-08-15 23:32:32,1290,1133,65.6,64.1,90.19,62.56,127.0,1096,1008,960,0.0,72.29,70.25,101.0,68.07,140.0,991,926,655,1,,,,,,29,29,20,0,99.4,97.47,120.9,89.9,160.0,265,252,169,2,80.15,78.58,94.99,76.0,122.0,946,889,903,0.0,1283,741,369,12,2,159,,,,198,,,167,,,11,,,40,,,335,,,65.82,85.9,20.08,71.9,96.9,25.0,99.99,129.9,29.91,99.4,120.9,21.5,80.42,83.45,3.03,71.9,137,96.9,118,25.0,71.9,71.49,72.37
2026-08-15 21:28:43,2026-08-16 00:28:43,1287,1134,65.6,64.1,90.38,62.56,127.0,1096,1011,959,0.0,72.27,70.25,101.0,68.07,140.0,991,929,656,1,,,,,,27,27,19,0,99.4,97.47,120.9,89.9,160.0,266,254,169,2.0,80.15,78.58,94.99,76.0,122.0,946,891,903,0.0,1283,741,363,13,3,163,,,,205,,,172,,,12,,,33,,,327,,,65.82,85.9,20.08,71.9,96.9,25.0,99.99,129.9,29.91,99.4,120.9,21.5,80.42,85.0,4.58,71.9,136,96.9,118,25.0,71.9,71.49,72.37
2026-08-15 22:31:10,2026-08-16 01:31:10,1290,1138,65.6,64.1,92.01,62.56,127.0,1097,1012,960,0,72.29,70.25,101.0,68.07,140.0,992,931,657,1.0,,,,,,27,27,19,0,99.4,97.48,120.9,89.9,160.0,267,256,170,2,80.15,78.58,94.99,76.0,122.0,947,893,904,0,1283,731,358,15,4,175,,,,211,,,173,,,14,,,30,,,309,,,65.5,85.9,20.4,71.9,96.9,25.0,99.99,129.9,29.91,99.4,120.9,21.5,79.84,88.28,8.44,71.9,161,96.9,124,25.0,71.9,71.56,72.37
2026-08-15 23:28:17,2026-08-16 02:28:17,1291,1132,65.6,64.1,93.0,62.56,127.0,1098,1007,961,-1.0,72.29,70.25,101.0,68.07,140.0,993,925,659,1,,,,,,28,28,20,-1.0,99.4,97.48,120.9,89.9,160.0,267,256,170,2,80.15,78.58,94.99,76.0,122.0,948,889,906,-1.0,1283,724,354,13,4,188,,,,198,,,175,,,11,,,26,,,272,,,65.05,88.99,23.94,71.69,96.99,25.3,99.99,129.9,29.91,99.4,120.9,21.5,79.57,94.9,15.33,71.69,293,96.99,227,25.3,71.62,71.68,72.37
2026-08-16 01:51:49,2026-08-16 04:51:49,1291,1128,65.6,64.09,93.0,62.56,127.0,1098,1004,919,0.0,72.16,70.19,101.0,68.07,140.0,993,920,609,2,,,,,,29,29,19,0,99.4,97.77,120.9,89.9,160.0,267,253,162,2,80.15,78.58,94.99,76.0,122.0,946,886,900,0.0,1283,738,317,9,5,214,,,,177,,,147,,,8,,,30,,,208,,,65.6,81.44,15.84,71.9,75.59,3.69,99.99,129.9,29.91,99.4,99.39,-0.01,80.42,79.9,-0.52,71.9,211,75.59,81,3.69,71.35,71.8,72.81
2026-08-16 03:08:04,2026-08-16 06:08:04,1289,1126,65.6,64.1,93.0,62.56,127.0,1097,1004,918,0,72.16,70.19,101.0,68.07,140.0,993,922,611,2,,,,,,29,29,19,0,99.4,97.81,120.9,95.78,160.0,266,255,161,2.5,80.15,78.58,94.99,76.0,122.0,947,888,902,0,1283,726,314,6,4,233,,,,179,,,161,,,6,,,27,,,227,,,65.56,79.23,13.67,71.9,75.59,3.69,99.99,129.9,29.91,99.4,99.39,-0.01,80.42,80.19,-0.23,71.9,206,75.59,81,3.69,71.35,71.77,72.81
2026-08-16 04:43:51,2026-08-16 07:43:51,1291,1126,65.6,64.1,93.0,62.56,127.0,1097,1003,918,0,72.16,70.19,101.0,68.07,140.0,993,920,611,2,,,,,,29,29,19,0,99.4,97.81,120.9,95.78,160.0,266,258,161,2.5,80.15,78.58,94.99,76.0,122.0,947,889,902,0,1283,676,330,11,6,260,,,,214,,,200,,,19,,,27,,,277,,,65.5,79.23,13.73,71.9,75.59,3.69,99.99,129.9,29.91,99.4,99.39,-0.01,80.42,81.09,0.67,71.9,198,75.59,77,3.69,71.35,71.79,72.81
2026-08-16 05:35:49,2026-08-16 08:35:49,1291,1122,65.6,64.1,93.0,62.56,127.0,1097,999,923,0,72.16,70.21,101.0,69.39,140.0,993,915,613,2,,,,,,29,29,20,0,99.4,97.81,120.9,95.78,160.0,266,257,161,2.5,80.15,78.58,94.99,76.0,122.0,947,885,902,0,1283,672,334,7,5,265,,,,215,,,196,,,16,,,28,,,310,,,65.43,79.23,13.8,71.9,75.39,3.49,99.99,129.9,29.91,99.4,99.39,-0.01,80.42,81.09,0.67,71.9,191,75.39,74,3.49,71.35,71.79,72.81
2026-08-16 06:53:18,2026-08-16 09:53:18,1292,1114,65.6,64.1,93.0,62.56,127.0,1098,990,923,0.0,72.16,70.21,101.0,69.39,140.0,994,907,612,2.0,,,,,,28,28,19,0.0,99.4,97.81,120.9,95.78,160.0,265,250,161,2,80.15,78.58,94.99,76.0,122.0,948,879,903,0.0,1283,658,339,9,5,272,,,,217,,,195,,,21,,,44,,,345,,,65.43,81.44,16.01,71.9,75.19,3.29,99.99,129.9,29.91,99.4,99.39,-0.01,80.42,81.09,0.67,71.9,185,75.19,71,3.29,71.35,71.77,72.65
2026-08-16 07:37:50,2026-08-16 10:37:50,1292,1111,65.6,64.1,93.0,62.56,127.0,1098,987,924,0.0,72.16,70.21,101.0,69.39,140.0,994,905,613,2.0,,,,,,28,28,19,0.0,99.4,97.81,120.9,95.78,160.0,264,248,161,2.0,80.15,78.58,94.99,76.0,122.0,948,876,903,0.0,1283,667,321,15,5,275,,,,228,,,202,,,25,,,46,,,377,,,65.43,76.75,11.32,71.9,74.64,2.74,99.99,129.9,29.91,99.4,99.39,-0.01,80.42,81.29,0.87,71.9,180,74.64,70,2.74,71.35,71.77,72.73
2026-08-16 08:39:36,2026-08-16 11:39:36,1291,1103,65.6,64.1,93.0,62.56,127.0,1098,980,925,0.0,72.16,70.21,101.0,69.39,140.0,993,899,614,2,,,,,,28,28,19,0.0,99.4,97.77,120.9,89.9,160.0,265,245,162,2,80.15,78.58,94.99,76.0,122.0,949,870,904,0,1283,642,342,22,7,270,,,,226,,,193,,,17,,,36,,,376,,,65.43,75.0,9.57,71.9,72.81,0.91,99.99,129.9,29.91,99.4,99.39,-0.01,80.42,81.9,1.48,71.9,173,72.81,66,0.91,71.35,71.74,72.73
2026-08-16 09:35:20,2026-08-16 12:35:20,1290,1107,65.6,64.1,93.0,62.56,127.0,1096,983,925,0.0,72.16,70.21,101.0,69.39,140.0,992,904,615,2.0,,,,,,29,29,20,0,99.4,97.77,120.9,89.9,160.0,265,247,162,2,80.15,78.58,94.99,76.0,122.0,947,874,902,0,1283,645,346,19,6,267,,,,223,,,188,,,22,,,37,,,379,,,65.43,68.99,3.56,71.9,72.72,0.82,99.99,129.9,29.91,99.4,99.39,-0.01,80.42,81.9,1.48,71.9,165,72.72,63,0.82,71.35,71.74,72.59
2026-08-16 10:31:37,2026-08-16 13:31:37,1291,1107,65.6,64.1,93.0,62.56,127.0,1097,983,927,0,72.17,70.21,101.0,69.39,140.0,993,902,616,2,,,,,,29,29,20,0,99.4,97.77,120.9,89.9,160.0,265,246,162,2,80.15,78.58,94.99,76.0,122.0,947,873,903,0,1283,640,364,33,7,239,,,,230,,,198,,,23,,,33,,,414,,,65.43,68.99,3.56,71.9,72.47,0.57,99.99,129.9,29.91,99.4,99.39,-0.01,80.42,81.9,1.48,71.9,162,72.47,60,0.57,71.35,71.74,72.59
2026-08-16 11:28:10,2026-08-16 14:28:10,1291,1107,65.6,64.1,93.0,62.56,127.0,1096,982,926,0.0,72.17,70.21,101.0,69.39,140.0,992,902,614,2.0,,,,,,29,29,20,0,99.4,97.78,120.9,89.9,160.0,265,244,164,2,80.15,78.58,94.99,76.0,122.0,944,867,900,0.0,1283,645,358,43,7,230,,,,218,,,183,,,20,,,40,,,423,,,65.43,68.99,3.56,71.9,72.22,0.32,99.99,129.9,29.91,99.4,99.39,-0.01,80.42,81.9,1.48,71.9,156,72.22,58,0.32,71.35,71.71,72.59
2026-08-16 12:54:35,2026-08-16 15:54:35,1292,1110,65.6,64.1,93.0,62.56,127.0,1096,982,926,0.0,72.19,70.21,101.0,69.39,140.0,992,900,615,2.0,,,,,,29,29,20,0,99.4,97.78,120.9,89.9,160.0,265,249,164,2,80.15,78.58,94.99,76.0,122.0,945,869,901,0,1283,676,356,43,7,201,,,,256,,,232,,,23,,,46,,,467,,,65.43,68.5,3.07,71.9,72.81,0.91,99.99,129.9,29.91,99.4,99.39,-0.01,80.42,81.9,1.48,71.9,148,72.81,54,0.91,71.35,71.49,72.59
2026-08-16 13:37:49,2026-08-16 16:37:49,1292,1110,65.6,64.1,93.0,62.56,127.0,1096,983,926,0.0,72.16,70.21,101.0,69.39,140.0,992,901,618,2.0,,,,,,29,29,20,0,99.4,97.78,120.9,89.9,160.0,266,248,164,2.0,80.15,78.58,94.99,76.0,122.0,945,870,901,0,1283,684,360,43,7,189,,,,257,,,220,,,25,,,44,,,481,,,65.43,67.95,2.52,71.9,73.5,1.6,99.99,129.9,29.91,99.4,99.39,-0.01,80.42,81.9,1.48,71.9,144,73.5,52,1.6,71.35,71.49,72.81
2026-08-16 14:31:11,2026-08-16 17:31:11,1290,1111,65.6,64.1,93.0,62.56,127.0,1097,986,927,0,72.16,70.21,101.0,69.39,140.0,993,905,622,1,,,,,,29,29,20,0,99.4,97.78,120.9,89.9,160.0,266,248,164,2.0,80.15,78.58,94.99,76.0,122.0,946,871,902,0.0,1283,694,352,39,10,188,,,,260,,,207,,,18,,,39,,,463,,,65.43,67.9,2.47,71.9,73.5,1.6,99.99,129.9,29.91,99.4,99.39,-0.01,80.42,81.9,1.48,71.9,136,73.5,52,1.6,71.35,71.59,72.92
2026-08-16 15:29:26,2026-08-16 18:29:26,1291,1114,65.6,64.1,93.0,62.56,127.0,1096,987,925,0.0,72.16,70.21,101.0,69.39,140.0,992,904,621,1.0,,,,,,29,29,20,0,99.4,97.77,120.9,89.9,160.0,264,245,163,2.0,80.15,78.58,94.99,76.0,122.0,946,870,902,0.0,1283,708,356,36,8,175,,,,261,,,201,,,20,,,39,,,469,,,65.43,67.9,2.47,71.9,72.9,1.0,99.99,129.9,29.91,99.4,99.39,-0.01,80.42,81.9,1.48,71.9,134,72.9,51,1.0,71.35,71.49,73.03
2026-08-16 16:34:53,2026-08-16 19:34:53,1290,1113,65.6,64.1,93.0,62.56,127.0,1096,988,924,0.0,72.16,70.21,101.0,69.39,140.0,992,906,619,1.0,,,,,,29,29,19,0,99.4,97.77,120.9,89.9,160.0,264,247,163,2.0,80.15,78.58,94.99,76.0,122.0,947,871,902,0,1283,700,368,40,5,170,,,,257,,,208,,,24,,,44,,,469,,,65.6,65.9,0.3,71.9,72.9,1.0,99.99,129.9,29.91,99.4,99.39,-0.01,80.42,81.9,1.48,71.9,132,72.9,51,1.0,71.35,71.59,72.92
2026-08-16 17:27:12,2026-08-16 20:27:12,1290,1117,65.6,64.1,93.0,62.56,127.0,1097,992,928,0,72.16,70.21,101.0,69.39,140.0,993,911,623,1,,,,,,29,29,19,0,99.4,97.78,120.9,89.9,160.0,265,248,165,2,80.15,78.58,94.99,76.0,122.0,948,875,903,0.0,1283,712,371,30,5,165,,,,220,,,182,,,21,,,40,,,445,,,65.6,65.9,0.3,71.9,72.47,0.57,99.99,129.9,29.91,99.4,99.39,-0.01,80.42,81.9,1.48,71.9,132,72.47,48,0.57,71.35,71.59,72.92
2026-08-16 18:40:09,2026-08-16 21:40:09,1290,1110,65.6,64.1,93.0,62.56,127.0,1097,985,929,0,72.16,70.21,101.0,69.39,140.0,993,902,624,1,,,,,,29,29,20,0,99.4,97.78,120.9,89.9,160.0,265,247,165,2,80.15,78.58,94.99,76.0,122.0,948,870,903,0.0,1283,711,379,27,4,162,,,,223,,,184,,,23,,,46,,,412,,,65.67,65.7,0.03,71.9,72.47,0.57,99.99,129.9,29.91,99.4,99.39,-0.01,80.42,81.9,1.48,71.9,130,72.47,48,0.57,71.35,71.68,73.03
2026-08-16 19:27:56,2026-08-16 22:27:56,1291,1114,65.6,64.09,93.0,62.56,127.0,1097,988,930,0,72.16,70.19,101.0,68.07,140.0,993,904,626,1,,,,,,29,29,20,0,99.4,97.78,120.9,89.9,160.0,264,248,166,2.0,80.15,78.58,94.99,76.0,122.0,948,873,904,0.0,1283,711,382,27,7,156,,,,220,,,178,,,22,,,41,,,401,,,65.67,65.7,0.03,71.9,72.22,0.32,99.99,129.9,29.91,99.4,99.39,-0.01,80.42,81.9,1.48,71.9,129,72.22,47,0.32,71.35,71.59,73.03
2026-08-16 20:32:05,2026-08-16 23:32:05,1291,1116,65.6,64.09,93.0,62.56,127.0,1097,990,929,0,72.16,70.19,101.0,68.07,140.0,993,904,626,1,,,,,,29,29,18,0,99.4,97.79,120.9,89.9,160.0,264,248,167,2.0,80.15,78.58,94.99,76.0,122.0,948,872,904,0.0,1283,734,359,28,4,158,,,,227,,,186,,,17,,,36,,,399,,,65.74,66.9,1.16,71.9,72.72,0.82,99.99,129.9,29.91,99.4,99.39,-0.01,80.42,81.9,1.48,71.9,127,72.72,47,0.82,71.35,71.68,72.92
2026-08-16 21:28:19,2026-08-17 00:28:19,1289,1112,65.6,64.09,93.0,62.56,127.0,1096,987,929,0.0,71.94,70.1,101.0,68.07,140.0,992,901,578,2.0,,,,,,29,29,18,0,99.4,97.55,120.9,89.9,160.0,249,232,153,2,80.15,78.58,94.99,76.0,122.0,947,871,903,0,1283,742,360,24,2,155,,,,240,,,204,,,18,,,34,,,383,,,65.6,88.99,23.39,71.9,72.72,0.82,99.99,129.9,29.91,99.4,120.9,21.5,80.42,85.45,5.03,71.9,124,72.72,47,0.82,71.35,71.59,73.03
2026-08-16 22:30:20,2026-08-17 01:30:20,1292,1118,65.6,64.09,93.0,62.56,127.0,1096,991,931,0.0,71.94,70.1,101.0,68.07,140.0,992,905,581,2.0,,,,,,29,29,20,0,99.4,97.55,120.9,89.9,160.0,250,232,153,2.0,80.15,78.58,94.99,76.0,122.0,947,872,903,0,1283,766,338,20,6,153,,,,257,,,216,,,17,,,36,,,384,,,65.37,88.99,23.62,71.9,75.59,3.69,99.99,129.9,29.91,99.4,120.9,21.5,80.03,86.59,6.56,71.9,155,75.59,55,3.69,71.35,71.68,73.03
2026-08-16 23:28:28,2026-08-17 02:28:28,1291,1118,65.6,64.1,93.0,62.56,127.0,1095,992,931,-1,72.16,70.21,101.0,69.39,140.0,992,905,630,1.0,,,,,,29,29,19,-1,99.4,97.88,120.9,95.78,160.0,265,249,168,2,80.15,78.58,94.99,76.0,122.0,946,875,902,-1.0,1283,778,324,16,6,159,,,,245,,,199,,,17,,,35,,,342,,,65.05,88.99,23.94,71.69,96.99,25.3,99.99,129.9,29.91,99.4,120.9,21.5,79.56,94.9,15.34,71.69,272,96.99,203,25.3,71.35,71.68,72.92
2026-08-17 01:49:04,2026-08-17 04:49:04,1292,1123,65.6,64.1,93.0,62.56,127.0,1094,996,918,0.0,72.16,70.2,101.0,69.39,140.0,991,907,597,2,,,,,,29,29,19,0,99.4,97.94,120.9,95.88,160.0,265,248,155,3,80.15,78.58,94.99,76.0,122.0,945,876,891,0,1283,771,307,11,9,185,,,,206,,,173,,,14,,,26,,,223,,,65.6,78.49,12.89,71.94,72.47,0.53,99.99,129.9,29.91,99.4,99.39,-0.01,80.42,79.9,-0.52,71.94,206,72.47,76,0.53,71.35,71.71,72.65
2026-08-17 03:07:51,2026-08-17 06:07:51,1290,1114,65.6,64.09,93.0,62.56,127.0,1095,989,920,0,72.16,70.2,101.0,69.39,140.0,992,900,598,2.0,,,,,,28,28,17,0.5,99.4,97.95,120.9,95.88,160.0,266,249,156,3.0,80.15,78.58,94.99,76.0,122.0,946,872,892,0.0,1283,769,303,9,6,196,,,,223,,,189,,,12,,,31,,,277,,,65.6,79.23,13.63,71.94,72.47,0.53,99.99,129.9,29.91,99.4,99.39,-0.01,80.42,80.19,-0.23,71.94,184,72.47,74,0.53,71.35,71.68,72.46
2026-08-17 04:52:18,2026-08-17 07:52:18,1290,1109,65.6,64.09,93.0,62.56,127.0,1095,989,926,0,72.16,70.19,101.0,69.39,140.0,992,897,602,2.0,,,,,,27,27,17,0,99.4,97.95,120.9,95.88,160.0,266,249,156,3.0,80.15,78.58,94.99,76.0,122.0,946,868,891,0.0,1283,753,285,24,9,212,,,,301,,,257,,,28,,,43,,,482,,,65.6,68.99,3.39,71.94,72.72,0.78,99.99,129.9,29.91,99.4,99.39,-0.01,80.42,81.09,0.67,71.94,175,72.72,71,0.78,71.35,71.56,72.37
2026-08-17 05:42:00,2026-08-17 08:42:00,1292,1116,65.6,64.1,93.0,62.56,127.0,1097,993,932,0,72.16,70.2,101.0,69.39,140.0,993,902,605,2,,,,,,28,28,18,0.0,99.4,97.94,120.9,95.88,160.0,265,249,155,3,80.15,78.58,94.99,76.0,122.0,948,872,894,0.0,1283,749,301,23,6,204,,,,294,,,248,,,36,,,38,,,516,,,65.6,68.99,3.39,71.9,72.47,0.57,99.99,129.9,29.91,99.4,99.39,-0.01,80.42,81.19,0.77,71.9,166,72.47,70,0.57,71.35,71.56,72.37
2026-08-17 07:10:16,2026-08-17 10:10:16,1291,1121,65.6,64.1,93.0,62.56,127.0,1097,996,935,0,72.16,70.2,105.74,69.39,140.0,993,904,607,2,,,,,,29,29,19,0,99.4,97.94,120.9,95.88,160.0,265,247,155,3,80.15,78.58,94.99,76.0,122.0,949,878,896,0,1283,729,300,36,6,212,,,,289,,,244,,,31,,,38,,,536,,,65.6,68.44,2.84,71.9,72.22,0.32,99.99,129.9,29.91,99.4,99.39,-0.01,80.42,81.9,1.48,71.9,149,72.22,66,0.32,71.62,71.49,71.94
2026-08-17 08:53:49,2026-08-17 11:53:49,1289,1121,65.6,64.1,93.0,62.56,127.0,1096,994,935,0.0,72.16,70.19,107.0,69.39,140.0,991,903,603,2,,,,,,29,29,19,0,99.4,97.86,120.9,89.9,160.0,266,247,156,3.0,80.15,78.58,94.99,76.0,122.0,948,876,896,0.0,1283,724,296,30,8,225,,,,250,,,208,,,15,,,27,,,462,,,65.6,67.4,1.8,71.9,72.22,0.32,99.99,129.9,29.91,99.4,99.39,-0.01,80.42,81.9,1.48,71.9,145,72.22,62,0.32,71.9,71.49,71.94
2026-08-17 09:51:33,2026-08-17 12:51:33,1290,1117,65.6,64.1,93.0,62.56,127.0,1098,989,936,0.0,72.16,70.2,107.0,69.39,140.0,993,901,604,2,,,,,,28,27,18,0.0,99.4,97.85,120.9,89.9,160.0,266,245,155,3.0,80.15,78.58,94.99,76.0,122.0,949,870,897,0,1283,705,309,36,5,228,,,,252,,,216,,,17,,,31,,,446,,,65.44,67.9,2.46,71.9,72.16,0.26,99.99,129.9,29.91,99.4,99.39,-0.01,80.42,81.9,1.48,71.9,143,72.16,60,0.26,71.9,71.49,71.94
2026-08-17 10:40:05,2026-08-17 13:40:05,1290,1122,65.6,64.1,93.0,62.56,127.0,1098,994,937,0.0,72.16,70.2,107.0,69.39,140.0,993,909,607,1,,,,,,29,29,19,0,99.4,97.86,120.9,89.9,160.0,267,247,156,3,80.15,78.58,94.99,76.0,122.0,949,876,899,0,1283,708,319,40,8,208,,,,255,,,215,,,17,,,41,,,451,,,65.43,65.31,-0.12,71.9,72.22,0.32,99.99,129.9,29.91,99.4,99.39,-0.01,80.42,81.9,1.48,71.9,136,72.22,59,0.32,71.9,71.68,71.94
2026-08-17 10:52:27,2026-08-17 13:52:27,1290,1124,65.6,64.1,93.0,62.56,127.0,1098,996,937,0.0,72.16,70.2,107.0,69.39,140.0,993,913,607,1,,,,,,29,29,19,0,99.4,97.86,120.9,89.9,160.0,267,246,156,3,80.15,78.58,94.99,76.0,122.0,949,878,899,0,1283,701,324,43,7,208,635,1034,,253,65.32,413,211,72.37,316,16,109.0,1,38,99.4,10,431,80.15,485,65.43,65.31,-0.12,71.9,72.22,0.32,99.99,129.9,29.91,99.4,99.39,-0.01,80.42,81.9,1.48,71.9,136,72.22,59,0.32,71.9,71.68,71.94
2026-08-17 11:28:19,2026-08-17 14:28:19,1290,1102,65.6,64.1,93.0,62.56,127.0,1098,975,937,0.0,72.16,70.21,107.0,69.39,140.0,993,892,613,1,,,,,,29,29,19,0,99.4,97.86,120.9,89.9,160.0,267,239,156,3,80.15,78.58,94.99,76.0,122.0,949,858,899,0,1283,704,324,42,10,203,195,847,461,220,65.32,419,186,72.38,322,18,104.5,2,33,99.4,9,418,80.15,489,65.43,65.09,-0.34,71.9,72.22,0.32,99.99,129.9,29.91,99.4,99.39,-0.01,80.42,81.9,1.48,71.9,130,72.22,56,0.32,71.9,71.59,71.94
2026-08-17 11:33:35,2026-08-17 14:33:35,1290,1125,65.6,64.1,93.0,62.56,127.0,1098,997,935,0.0,71.94,70.14,107.0,69.39,140.0,993,914,569,2,,,,,,28,28,17,0.0,99.4,97.77,120.9,89.9,160.0,254,235,143,3.0,80.15,78.58,94.99,76.0,122.0,949,880,898,0,1283,704,325,42,9,203,195,847,460,220,65.32,419,185,72.39,322,19,104.5,2,33,99.4,9,415,80.15,488,65.43,88.99,23.56,71.9,72.22,0.32,99.99,129.9,29.91,99.4,120.9,21.5,80.42,81.9,1.48,71.9,130,72.22,56,0.32,71.9,71.59,71.94
2026-08-17 12:52:41,2026-08-17 15:52:41,1156,983,65.6,64.1,93.0,62.56,127.0,1066,957,902,0.0,71.94,70.12,107.0,69.39,140.0,961,876,566,2,,,,,,28,27,17,0.0,99.4,97.63,120.9,89.9,160.0,246,226,136,3.0,80.15,78.58,94.99,76.0,122.0,944,865,893,0.0,1283,687,348,53,10,185,210,845,452,237,65.32,418,211,72.37,324,17,104.5,2,39,99.4,8,411,80.15,490,65.18,88.99,23.81,71.89,95.95,24.06,99.99,129.9,29.91,99.4,120.9,21.5,79.87,85.91,6.04,71.89,369,95.95,197,24.06,71.35,71.74,72.59
2026-08-17 12:59:22,2026-08-17 15:59:22,1156,995,65.6,64.1,93.0,62.56,127.0,1066,969,902,0.0,71.94,70.12,107.0,69.39,140.0,962,886,566,2.0,,,,,,27,27,16,0,99.4,97.63,120.9,89.9,160.0,246,227,136,3.0,80.15,78.58,94.99,76.0,122.0,944,876,893,0.0,1283,694,346,52,7,184,214,845,454,241,65.32,419,212,72.37,325,19,104.5,2,39,99.4,8,414,80.15,491,65.18,88.99,23.81,71.89,96.0,24.11,99.99,119.45,19.46,99.4,120.9,21.5,79.87,85.95,6.08,71.89,371,96.0,195,24.11,71.35,71.74,72.46
2026-08-17 13:00:28,2026-08-17 16:00:28,1156,973,65.6,64.1,93.0,62.56,127.0,1066,947,902,0.0,71.94,70.12,107.0,69.39,140.0,962,866,566,2.0,,,,,,27,26,16,0,99.4,97.63,120.9,89.9,160.0,246,220,136,3.0,80.15,78.58,94.99,76.0,122.0,944,856,893,0.0,1283,694,346,52,7,184,214,845,454,241,65.32,419,212,72.37,325,19,104.5,2,39,99.4,8,414,80.15,491,65.18,88.99,23.81,71.89,96.0,24.11,99.99,119.45,19.46,99.4,120.9,21.5,79.87,85.95,6.08,71.89,371,96.0,195,24.11,71.35,71.74,72.46
2026-08-17 13:46:16,2026-08-17 16:46:16,1157,964,65.6,64.1,93.0,62.56,127.0,1066,939,902,0.0,71.94,70.14,107.0,69.39,140.0,962,860,568,2.0,,,,,,27,26,16,0,99.4,97.63,120.9,89.9,160.0,246,215,136,3.0,80.15,78.58,94.99,76.0,122.0,944,850,894,0.0,1283,695,349,57,6,176,221,850,489,237,65.32,421,213,72.37,327,19,104.5,2,39,99.4,9,446,80.15,489,65.18,88.99,23.81,71.9,95.97,24.07,99.99,119.45,19.46,99.4,120.9,21.5,79.87,85.95,6.08,71.9,372,95.97,196,24.07,71.35,71.74,72.46
2026-08-17 14:36:46,2026-08-17 17:36:46,1156,985,65.6,64.1,94.37,62.56,127.0,1066,959,903,0.0,72.16,70.21,107.0,69.39,140.0,962,880,607,1.0,,,,,,28,28,18,0.0,99.4,97.81,120.9,89.9,160.0,258,235,150,3.0,80.15,78.58,94.99,76.0,122.0,943,868,894,0,1283,679,368,60,10,166,231,856,488,233,65.32,419,218,72.37,326,22,104.5,2,46,99.4,11,450,80.15,483,65.18,88.99,23.81,71.9,96.99,25.09,99.99,129.9,29.91,99.4,120.9,21.5,79.87,85.91,6.04,71.9,371,96.99,236,25.09,71.35,71.74,72.53
2026-08-17 15:33:19,2026-08-17 18:33:19,1156,992,65.6,64.1,93.0,62.56,127.0,1064,965,902,0.0,72.16,70.21,107.0,69.39,140.0,960,883,610,1.0,,,,,,29,29,19,0,99.4,97.81,120.9,89.9,160.0,258,236,150,3.0,80.15,78.58,94.99,76.0,122.0,942,874,895,0.0,1283,676,366,75,6,160,253,857,524,272,65.37,429,235,72.37,322,24,104.5,2,49,99.4,12,486,80.15,493,65.18,88.99,23.81,71.9,96.99,25.09,99.99,129.9,29.91,99.4,120.9,21.5,79.87,85.95,6.08,71.9,371,96.99,239,25.09,71.35,71.74,72.46
2026-08-17 15:41:33,2026-08-17 18:41:33,1156,987,65.6,64.1,94.43,62.56,127.0,1064,960,902,0.0,72.16,70.21,107.0,69.39,140.0,960,878,610,1.0,,,,,,29,29,19,0,99.4,97.81,120.9,89.9,160.0,258,235,150,3.0,80.15,78.58,94.99,76.0,122.0,942,869,895,0.0,1283,679,366,71,7,160,258,858,552,324,65.4,427,256,72.37,318,26,104.5,2,59,99.4,12,486,80.15,493,65.18,88.99,23.81,71.9,96.99,25.09,99.99,129.9,29.91,99.4,120.9,21.5,79.87,85.95,6.08,71.9,372,96.99,238,25.09,71.35,71.74,72.41
2026-08-17 15:54:24,2026-08-17 18:54:24,1156,935,65.6,64.1,93.72,62.56,127.0,1065,908,903,0,72.16,70.21,107.0,69.39,140.0,961,828,611,1,,,,,,29,28,19,0,99.4,97.81,120.9,89.9,160.0,259,219,151,3,80.15,78.58,94.99,76.0,122.0,942,820,895,0.0,1283,679,366,74,6,158,258,859,559,337,65.4,427,255,72.37,318,25,104.5,2,72,99.4,12,490,80.15,489,65.18,88.99,23.81,71.9,96.99,25.09,99.99,129.9,29.91,99.4,120.9,21.5,79.87,85.91,6.04,71.9,372,96.99,239,25.09,71.35,71.74,72.46
2026-08-17 16:13:25,2026-08-17 19:13:25,1156,991,65.6,64.1,93.81,62.56,127.0,1066,965,902,0.0,72.16,70.22,107.0,69.39,140.0,962,883,614,1.0,,,,,,29,29,19,0,99.4,97.82,120.9,89.9,160.0,259,237,152,3,80.15,78.58,94.99,76.0,122.0,943,870,895,0,1283,679,363,73,7,161,259,860,566,340,65.37,426,259,72.37,322,24,104.5,2,74,99.4,12,494,80.15,487,65.18,88.99,23.81,71.9,96.99,25.09,99.99,129.9,29.91,99.4,120.9,21.5,79.87,85.91,6.04,71.9,372,96.99,242,25.09,71.35,71.74,72.46
2026-08-17 16:37:19,2026-08-17 19:37:19,1155,988,65.6,64.1,94.99,62.56,127.0,1064,962,900,0.0,72.16,70.22,107.0,69.39,140.0,961,880,613,1,,,,,,29,29,19,0,99.4,97.82,120.9,89.9,160.0,259,236,152,3,80.15,78.58,94.99,76.0,122.0,941,868,893,0,1283,668,365,83,6,161,257,860,571,353,65.37,424,263,72.37,314,23,104.5,2,81,99.4,12,490,80.15,487,65.18,88.99,23.81,71.9,96.99,25.09,99.99,129.9,29.91,99.4,120.9,21.5,79.87,85.95,6.08,71.9,372,96.99,241,25.09,71.35,71.74,72.46
2026-08-17 17:34:53,2026-08-17 20:34:53,1155,984,65.6,64.1,94.93,62.56,127.0,1064,960,898,0.0,72.16,70.21,107.0,69.39,140.0,961,877,611,1,,,,,,27,27,17,0,99.4,97.82,120.9,89.9,160.0,259,235,152,3,80.15,78.58,94.99,76.0,122.0,941,865,892,0,1283,673,384,64,8,154,266,860,536,319,65.37,422,231,72.37,312,23,104.5,2,61,99.4,12,452,80.15,482,65.18,88.99,23.81,71.9,96.99,25.09,99.99,129.9,29.91,99.4,120.9,21.5,79.85,85.99,6.14,71.9,372,96.99,239,25.09,71.35,71.74,72.37
2026-08-17 18:51:24,2026-08-17 21:51:24,1155,983,65.6,64.1,94.91,62.56,127.0,1064,959,900,0.0,72.16,70.21,107.0,69.39,140.0,961,875,612,1,,,,,,27,27,17,0,99.4,97.83,120.9,89.9,160.0,259,233,153,2,80.15,78.58,94.99,76.0,122.0,940,864,892,0.0,1283,689,381,56,11,146,267,861,544,337,65.37,416,227,72.37,316,25,100.0,3,68,99.4,14,448,80.15,481,65.18,88.99,23.81,71.9,96.99,25.09,99.99,129.9,29.91,99.4,120.9,21.5,79.87,85.99,6.12,71.9,372,96.99,240,25.09,71.35,71.74,72.37
2026-08-17 19:34:31,2026-08-17 22:34:31,1155,982,65.6,64.1,94.99,62.56,127.0,1064,957,901,0.0,72.16,70.22,107.0,69.39,140.0,961,873,613,1,,,,,,28,28,18,0.0,99.4,97.83,120.9,89.9,160.0,259,233,153,2,80.15,78.58,94.99,76.0,122.0,942,864,895,0.0,1283,711,375,45,10,142,268,861,524,356,65.37,417,240,72.37,313,22,100.0,3,61,99.4,16,413,80.15,480,65.18,88.99,23.81,71.9,96.99,25.09,99.99,129.9,29.91,99.4,120.9,21.5,79.87,85.99,6.12,71.9,371,96.99,242,25.09,71.35,71.74,72.41
2026-08-17 20:35:45,2026-08-17 23:35:45,1155,981,65.6,64.1,94.57,62.56,127.0,1064,956,899,0.0,71.94,70.1,107.0,69.39,140.0,961,874,560,2,,,,,,27,27,17,0,99.4,97.6,120.9,89.9,160.0,242,219,135,3.0,80.15,78.58,94.99,76.0,122.0,942,864,894,0.0,1283,748,361,27,6,141,281,864,534,385,65.42,418,282,72.37,312,16,100.0,3,46,99.4,19,385,80.15,480,65.18,88.99,23.81,71.9,93.95,22.05,99.99,129.9,29.91,99.4,120.9,21.5,79.87,85.99,6.12,71.9,373,93.95,187,22.05,71.35,71.74,72.41
2026-08-17 21:33:09,2026-08-18 00:33:09,1154,985,65.6,64.1,94.95,62.56,127.0,1063,959,875,1,71.97,70.18,107.0,69.39,140.0,960,875,538,3.0,,,,,,28,28,18,1.0,99.4,97.82,120.9,89.9,160.0,244,222,125,4.0,80.15,78.58,94.99,76.0,122.0,941,865,880,1,1283,762,337,29,8,147,289,868,555,444,65.37,416,311,72.37,318,13,100.0,3,47,99.4,19,365,80.15,475,65.18,88.99,23.81,71.85,95.0,23.15,99.99,129.9,29.91,99.4,120.9,21.5,79.85,85.91,6.06,71.85,352,95.0,186,23.15,71.35,71.74,72.53
2026-08-17 22:33:18,2026-08-18 01:33:18,1154,981,65.6,64.1,96.0,62.56,127.0,1062,953,880,1.0,72.27,70.24,107.0,68.07,140.0,961,872,588,2,,,,,,29,29,19,1,99.4,97.99,120.9,89.9,160.0,260,239,143,3.0,80.15,78.58,94.99,76.0,122.0,943,862,883,1,1283,774,327,28,8,146,303,872,557,455,65.37,412,324,72.37,315,20,100.0,4,49,99.4,20,374,80.15,475,65.18,88.99,23.81,71.9,96.99,25.09,99.99,129.9,29.91,99.4,120.9,21.5,79.87,85.91,6.04,71.9,350,96.99,238,25.09,71.35,71.74,72.59
2026-08-17 23:30:38,2026-08-18 02:30:38,1155,988,65.6,64.1,96.0,62.56,127.0,1063,960,879,0,72.23,70.25,107.0,69.39,140.0,962,878,588,2.0,,,,,,28,28,18,0.0,99.4,98.0,120.9,89.9,160.0,261,241,144,3,80.15,78.58,94.99,76.0,122.0,944,868,883,0.0,1283,785,318,21,5,154,310,873,536,463,65.37,410,313,72.37,325,16,100.0,4,40,99.4,20,336,80.15,476,65.18,88.99,23.81,71.9,96.99,25.09,99.99,129.9,29.91,99.4,120.9,21.5,79.87,85.91,6.04,71.9,351,96.99,237,25.09,71.35,71.74,72.62
2026-08-18 01:44:28,2026-08-18 04:44:28,1156,984,65.6,64.1,96.0,62.56,127.0,1061,955,877,0,72.23,70.25,107.0,69.39,140.0,960,874,588,2.0,,,,,,28,28,18,0.0,99.4,97.99,120.9,89.9,160.0,260,238,143,3.0,80.15,78.58,94.99,76.0,122.0,943,864,884,0,1283,802,290,14,4,173,300,874,334,214,65.32,402,176,72.37,317,15,100.0,4,25,99.4,19,275,80.15,460,65.18,88.99,23.81,71.9,96.99,25.09,99.99,129.9,29.91,99.4,120.9,21.5,79.87,85.91,6.04,71.9,352,96.99,236,25.09,71.35,71.74,72.62
2026-08-18 03:03:09,2026-08-18 06:03:09,1154,984,65.6,64.1,96.0,62.56,127.0,1062,956,880,0.0,71.99,70.19,107.0,69.39,140.0,961,876,541,3,,,,,,29,29,19,0,99.4,97.81,120.9,89.9,160.0,243,222,124,4,80.15,78.58,94.99,76.0,122.0,943,866,884,0,1283,783,296,17,4,183,311,877,472,370,65.29,408,258,72.31,321,18,100.0,4,39,99.4,20,309,80.15,463,65.18,88.99,23.81,71.9,95.0,23.1,99.99,129.9,29.91,99.4,120.9,21.5,79.86,85.91,6.05,71.9,352,95.0,189,23.1,71.35,71.74,72.62
2026-08-18 03:53:27,2026-08-18 06:53:27,1154,978,65.6,64.1,96.0,62.56,127.0,1062,950,880,0.0,71.99,70.19,107.0,69.39,140.0,961,870,541,3,,,,,,29,29,19,0,99.4,97.81,120.9,89.9,160.0,242,221,124,4.0,80.15,78.58,94.99,76.0,122.0,943,860,884,0,1283,768,291,23,5,196,313,880,506,323,65.27,399,263,72.29,317,24,100.0,4,58,99.4,20,418,80.15,460,65.18,88.99,23.81,71.9,95.0,23.1,99.99,129.9,29.91,99.4,120.9,21.5,79.87,85.91,6.04,71.9,352,95.0,189,23.1,71.35,71.74,72.62
2026-08-18 04:44:08,2026-08-18 07:44:08,1154,974,65.6,64.1,96.0,62.56,127.0,1062,946,883,0.0,71.99,70.19,107.0,69.39,140.0,961,866,543,2,,,,,,29,29,20,0,99.4,97.81,120.9,89.9,160.0,242,221,124,4.0,80.15,78.58,94.99,76.0,122.0,943,856,884,0,1283,733,310,38,5,197,324,883,507,257,65.27,405,233,72.16,318,32,100.0,4,47,99.4,23,471,80.15,475,65.18,88.99,23.81,71.9,95.0,23.1,99.99,129.9,29.91,99.4,120.9,21.5,79.87,85.91,6.04,71.9,354,95.0,189,23.1,71.35,71.74,72.62
2026-08-18 05:37:17,2026-08-18 08:37:17,1154,971,65.6,64.1,96.0,62.56,127.0,1061,943,886,0,72.29,70.25,107.0,69.39,140.0,960,864,592,1.0,,,,,,29,29,20,0,99.4,97.99,120.9,89.9,160.0,258,235,142,3.0,80.15,78.58,94.99,76.0,122.0,942,854,883,0.0,1283,702,329,48,3,201,336,891,553,296,65.27,406,252,72.16,323,34,100.0,4,56,99.4,23,502,80.15,477,65.18,88.99,23.81,71.9,96.99,25.09,99.99,129.9,29.91,99.4,120.9,21.5,79.87,85.91,6.04,71.9,357,96.99,235,25.09,71.35,71.74,72.73
2026-08-18 06:57:33,2026-08-18 09:57:33,1154,970,65.6,64.1,96.0,62.56,127.0,1060,942,888,0.0,72.29,70.25,107.0,69.39,140.0,959,863,593,1,,,,,,29,29,20,0,99.4,97.99,120.9,89.9,160.0,259,234,143,3,80.15,78.58,94.99,76.0,122.0,940,851,882,0.0,1283,685,336,52,9,201,334,888,566,319,65.29,410,267,72.16,325,34,100.0,4,52,99.4,24,520,80.17,464,65.18,88.99,23.81,71.9,96.99,25.09,99.99,129.9,29.91,99.4,120.9,21.5,79.87,85.91,6.04,71.9,358,96.99,235,25.09,71.35,71.74,72.73
2026-08-18 07:46:38,2026-08-18 10:46:38,1156,971,65.6,64.1,96.0,62.56,127.0,1064,943,894,0.0,72.29,70.25,107.0,69.39,145.0,963,865,599,1,,,,,,29,29,20,0,99.4,97.93,120.9,89.9,160.0,259,233,144,3,80.15,78.58,94.99,76.0,122.0,943,851,887,0,1283,694,343,47,5,194,336,885,556,302,65.31,410,251,72.16,324,35,100.0,4,50,99.4,24,495,80.15,463,65.18,88.99,23.81,71.9,96.99,25.09,99.99,129.9,29.91,99.4,120.9,21.5,79.89,85.91,6.02,71.9,360,96.99,239,25.09,71.35,71.74,72.65
2026-08-18 08:48:00,2026-08-18 11:48:00,1151,968,65.6,64.1,96.0,62.56,127.0,1059,940,891,0,72.23,70.25,107.0,69.39,145.0,958,861,594,1.0,,,,,,29,29,20,0,99.4,97.93,120.9,89.9,160.0,259,231,144,3,80.15,78.58,94.99,76.0,122.0,943,849,889,0,1283,678,358,51,6,190,337,887,514,274,65.32,408,207,72.16,322,23,100.0,4,41,99.4,25,441,80.19,471,65.18,88.99,23.81,71.9,96.99,25.09,99.99,129.9,29.91,99.4,120.9,21.5,79.9,85.91,6.01,71.9,359,96.99,235,25.09,71.35,71.74,72.73
2026-08-18 09:42:08,2026-08-18 12:42:08,1153,963,65.6,64.1,96.0,62.56,127.0,1060,935,892,0.0,72.16,70.25,107.0,69.39,145.0,959,857,588,1,,,,,,29,29,19,0,99.4,97.88,120.9,89.9,160.0,254,225,139,3.0,80.15,78.58,94.99,76.0,122.0,944,844,890,0.0,1283,663,367,63,5,185,344,891,492,272,65.37,404,218,72.16,322,24,100.0,4,51,99.4,25,429,80.15,477,65.18,88.99,23.81,71.9,96.99,25.09,99.99,129.9,29.91,99.4,120.9,21.5,79.9,85.91,6.01,71.9,360,96.99,228,25.09,71.35,71.74,72.73
2026-08-18 10:38:03,2026-08-18 13:38:03,1152,963,65.6,64.1,96.0,62.56,127.0,1061,936,893,0,72.22,70.25,107.0,69.39,140.0,960,854,599,1.0,,,,,,29,29,20,0,99.4,97.93,120.9,89.9,160.0,259,227,144,3,80.15,78.58,94.99,76.0,122.0,945,846,891,0,1283,659,381,61,7,175,348,899,497,288,65.37,392,203,72.16,320,21,100.0,4,48,99.4,24,426,80.15,475,65.18,88.99,23.81,71.9,96.99,25.09,99.99,129.9,29.91,99.4,120.9,21.5,79.9,85.91,6.01,71.9,361,96.99,238,25.09,71.35,71.74,72.65
2026-08-18 11:33:30,2026-08-18 14:33:30,1151,967,65.6,64.1,96.0,62.56,127.0,1061,941,893,0,72.22,70.25,107.0,69.39,140.0,960,858,600,1.0,,,,,,29,29,20,0,99.4,97.93,120.9,89.9,160.0,258,230,144,3.0,80.15,78.58,94.99,76.0,122.0,945,850,892,0,1283,660,394,62,4,163,356,902,540,317,65.39,394,231,72.16,323,29,100.0,4,50,99.4,23,458,80.15,469,65.18,88.99,23.81,71.9,96.99,25.09,99.99,129.9,29.91,99.4,120.9,21.5,79.9,85.91,6.01,71.9,362,96.99,238,25.09,71.35,71.74,72.65
2026-08-18 13:01:08,2026-08-18 16:01:08,1153,973,65.6,64.1,96.0,62.56,127.0,1061,945,889,0,72.16,70.25,107.0,68.07,140.0,960,860,601,1.0,,,,,,27,27,18,0,99.4,97.95,120.9,89.9,160.0,259,233,146,3,80.15,78.58,94.99,76.0,122.0,945,852,891,0,1283,661,394,76,5,147,377,910,560,354,65.37,392,254,72.0,321,41,100.0,5,51,99.4,22,493,80.15,471,65.18,88.99,23.81,71.9,96.99,25.09,99.99,129.9,29.91,99.4,120.9,21.5,79.9,85.9,6.0,71.9,366,96.99,235,25.09,71.35,71.74,72.59
2026-08-18 13:50:06,2026-08-18 16:50:06,1153,973,65.6,64.1,96.0,62.56,127.0,1061,946,889,0,72.16,70.25,107.0,68.07,140.0,960,861,603,1.0,,,,,,27,27,18,0,99.4,97.95,120.9,89.9,160.0,259,231,146,3,80.15,78.58,94.99,76.0,122.0,945,852,891,0,1283,647,408,81,5,142,392,918,538,313,65.37,394,234,72.0,325,43,100.0,5,68,99.4,22,482,80.15,477,65.18,88.99,23.81,71.9,96.99,25.09,99.99,129.9,29.91,99.4,120.9,21.5,79.9,85.9,6.0,71.9,368,96.99,235,25.09,71.35,71.74,72.59
2026-08-18 14:42:01,2026-08-18 17:42:01,1152,975,65.6,64.1,96.0,62.56,127.0,1061,948,892,0,72.16,70.25,107.0,68.07,140.0,960,864,606,1.0,,,,,,28,28,19,0.0,99.4,97.95,120.9,89.9,160.0,260,234,146,3.0,80.15,78.58,94.99,76.0,122.0,946,855,894,0.0,1283,643,408,94,9,129,412,926,557,313,65.39,400,241,71.99,327,31,100.0,5,54,99.4,22,492,80.15,484,65.18,88.99,23.81,71.9,96.99,25.09,99.99,129.9,29.91,99.4,120.9,21.5,79.9,85.9,6.0,71.9,370,96.99,236,25.09,71.35,71.74,72.59
2026-08-18 15:39:23,2026-08-18 18:39:23,1151,971,65.6,64.1,96.0,62.56,127.0,1060,945,890,0.0,72.16,70.25,107.0,68.07,145.0,959,861,606,1,,,,,,27,27,18,0,99.4,97.94,120.9,89.9,160.0,259,233,145,3,80.15,78.58,94.99,76.0,122.0,944,852,891,0.0,1283,671,385,98,8,121,429,929,607,327,65.39,400,260,72.0,339,30,100.0,5,57,99.4,23,548,80.15,485,65.18,88.99,23.81,71.9,96.99,25.09,99.99,129.9,29.91,99.4,120.9,21.5,79.9,85.45,5.55,71.9,371,96.99,235,25.09,71.35,71.74,72.59
2026-08-18 16:41:01,2026-08-18 19:41:01,1150,962,65.6,64.1,96.0,62.56,127.0,1059,937,889,0,72.16,70.23,107.0,68.07,145.0,958,853,606,1.0,,,,,,28,28,19,0.0,99.4,97.94,120.9,89.9,160.0,259,232,145,3,80.15,78.58,94.99,76.0,122.0,944,844,891,0.0,1283,668,393,93,9,120,437,936,533,234,65.41,403,208,72.0,344,24,100.0,5,43,99.4,23,497,80.15,483,65.18,88.99,23.81,71.9,96.99,25.09,99.99,129.9,29.91,99.4,120.9,21.5,79.9,85.9,6.0,71.9,371,96.99,235,25.09,71.35,71.71,72.59
2026-08-18 17:35:44,2026-08-18 20:35:44,1150,962,65.6,64.1,96.0,62.56,127.0,1059,937,889,0,72.16,70.23,107.0,68.07,145.0,958,854,607,1.0,,,,,,29,29,20,0,99.4,97.93,120.9,89.9,160.0,258,232,144,3.0,80.15,78.58,94.99,76.0,122.0,944,844,891,0.0,1283,692,385,80,3,123,432,937,501,218,65.39,400,189,72.05,345,16,100.0,5,36,99.4,23,466,80.15,478,65.18,88.99,23.81,71.9,96.99,25.09,99.99,129.9,29.91,99.4,120.9,21.5,79.9,85.9,6.0,71.9,371,96.99,236,25.09,71.35,71.71,72.59
2026-08-18 18:50:09,2026-08-18 21:50:09,1151,962,65.6,64.1,96.0,62.56,127.0,1057,936,887,0,72.16,70.21,107.0,68.07,145.0,956,853,602,1.0,,,,,,29,29,20,0,99.4,97.93,120.9,89.9,160.0,258,233,144,3.0,80.15,78.58,94.99,76.0,122.0,943,844,888,0,1283,669,425,67,2,120,438,941,427,178,65.41,405,166,72.0,348,13,98.0,5,25,99.4,23,396,80.15,475,65.18,88.99,23.81,71.9,96.99,25.09,99.99,129.9,29.91,99.4,120.9,21.5,79.9,85.91,6.01,71.9,371,96.99,231,25.09,71.35,71.71,72.59
2026-08-18 19:33:38,2026-08-18 22:33:38,1152,966,65.6,64.1,96.0,62.56,127.0,1057,939,888,0,71.94,70.15,107.0,68.07,145.0,956,855,562,2.0,,,,,,29,29,20,0,99.4,97.63,120.9,89.9,160.0,243,219,126,4,80.15,78.58,94.99,76.0,122.0,943,846,889,0,1283,679,408,75,3,118,438,938,429,192,65.41,413,176,72.0,349,12,98.0,5,25,99.4,23,397,80.19,473,65.18,88.99,23.81,71.9,95.0,23.1,99.99,129.9,29.91,99.4,120.9,21.5,79.9,85.91,6.01,71.9,372,95.0,190,23.1,71.35,71.71,72.59
2026-08-18 20:33:00,2026-08-18 23:33:00,1151,959,65.6,64.1,96.0,62.56,127.0,1058,934,888,0.0,72.16,70.21,107.0,68.07,145.0,957,850,601,1,,,,,,29,29,19,0,99.4,97.91,120.9,89.9,160.0,256,229,141,3.0,80.15,78.58,94.99,76.0,122.0,942,839,887,0.0,1283,714,398,53,5,113,450,942,416,180,65.41,418,165,72.0,351,16,98.0,5,29,99.4,25,383,80.19,483,65.18,88.99,23.81,71.9,96.99,25.09,99.99,129.9,29.91,99.4,120.9,21.5,79.9,85.91,6.01,71.9,374,96.99,227,25.09,71.35,71.74,72.59
2026-08-18 21:31:43,2026-08-19 00:31:43,1151,967,65.6,64.1,96.0,62.56,127.0,1058,941,861,1.0,72.16,70.21,107.0,68.07,145.0,957,859,581,2,,,,,,29,29,19,1,99.65,98.32,120.9,89.9,160.0,257,233,132,4,80.15,78.58,94.99,76.0,122.0,942,847,878,1.0,1283,463,545,153,11,111,462,941,401,177,65.43,416,166,71.99,352,15,99.0,4,29,99.4,27,374,80.25,493,65.18,88.99,23.81,71.81,96.99,25.18,99.99,129.9,29.91,99.4,120.9,21.5,79.9,85.91,6.01,71.81,359,96.99,222,25.18,71.35,71.74,72.53
2026-08-18 22:33:11,2026-08-19 01:33:11,1152,964,65.6,64.1,97.0,62.56,127.0,1058,938,867,1.0,72.16,70.21,107.0,68.07,145.0,958,858,587,2.0,,,,,,29,29,19,1,99.65,98.16,120.9,89.9,160.0,257,233,136,4,80.15,78.58,94.99,76.0,122.0,943,845,884,1,1283,477,516,156,17,117,461,942,378,191,65.43,416,167,72.0,352,19,100.0,4,31,99.4,28,345,80.19,490,65.18,88.99,23.81,71.81,96.99,25.18,99.99,129.9,29.91,99.4,120.9,21.5,79.9,85.95,6.05,71.81,359,96.99,228,25.18,71.35,71.74,72.53
2026-08-18 23:29:48,2026-08-19 02:29:48,1151,971,65.6,64.1,97.0,62.56,127.0,1058,945,868,0.0,72.16,70.21,107.0,68.07,145.0,958,864,587,2.0,,,,,,29,29,19,0,99.4,97.97,120.9,89.9,160.0,257,235,138,4,80.15,78.58,94.99,76.0,122.0,943,851,884,0,1283,505,491,145,16,126,462,941,342,185,65.43,418,152,72.0,351,19,100.0,4,32,99.4,29,310,80.22,488,65.18,88.99,23.81,71.81,96.99,25.18,99.99,129.9,29.91,99.4,120.9,21.5,79.9,85.91,6.01,71.81,359,96.99,228,25.18,71.35,71.74,72.53
2026-08-19 01:46:21,2026-08-19 04:46:21,1151,977,65.6,64.1,97.0,62.56,127.0,1060,951,869,0.0,72.16,70.21,107.0,68.07,145.0,958,868,586,2.0,,,,,,29,29,18,0,99.4,98.0,120.9,89.9,160.0,257,236,137,4,80.15,78.58,94.99,76.0,122.0,944,857,886,0.0,1283,526,492,87,34,144,468,943,295,173,65.43,435,151,72.05,353,25,100.0,5,41,99.4,28,261,80.25,482,65.18,88.99,23.81,71.8,96.99,25.19,99.99,129.9,29.91,99.4,120.9,21.5,79.9,85.91,6.01,71.8,360,96.99,226,25.19,71.35,71.71,72.53
2026-08-19 03:05:35,2026-08-19 06:05:35,1151,984,65.6,64.1,97.0,62.56,127.0,1060,958,871,0.0,72.16,70.21,107.0,69.39,145.0,959,876,593,1,,,,,,28,28,18,0.0,99.4,97.97,120.9,89.9,160.0,257,241,139,3,80.15,78.58,94.99,76.0,122.0,944,863,887,0.0,1283,532,476,92,24,159,475,946,358,187,65.43,433,173,71.99,349,22,100.0,5,45,99.4,28,332,80.25,485,65.18,88.99,23.81,71.79,96.99,25.2,99.99,129.9,29.91,99.4,120.9,21.5,79.9,85.95,6.05,71.79,363,96.99,230,25.2,71.35,71.71,72.53
2026-08-19 04:45:12,2026-08-19 07:45:12,1152,986,65.6,64.1,97.0,62.56,127.0,1060,960,874,0.0,72.16,70.21,107.8,69.39,145.0,959,878,597,1,,,,,,29,29,19,0,99.4,97.99,120.9,89.9,160.0,257,244,141,3,80.15,78.58,94.99,76.0,122.0,944,866,887,0.0,1283,538,419,138,21,167,481,954,534,280,65.43,427,253,71.99,350,37,100.0,5,51,99.4,29,512,80.25,493,65.18,88.99,23.81,71.79,96.99,25.2,99.99,129.9,29.91,99.4,120.9,21.5,79.9,85.91,6.01,71.79,363,96.99,234,25.2,71.35,71.71,72.46
2026-08-19 05:38:06,2026-08-19 08:38:06,1152,983,65.6,64.1,97.0,62.56,127.0,1062,958,879,0.0,72.16,70.21,110.26,68.07,145.0,959,876,599,1,,,,,,29,29,19,0,99.4,97.92,120.9,89.9,160.0,257,243,142,3,80.15,78.58,94.99,76.0,122.0,944,863,889,0.0,1283,536,416,149,23,159,484,954,540,261,65.43,425,244,71.97,356,29,100.0,5,38,99.4,30,520,80.25,491,65.18,88.99,23.81,71.79,96.99,25.2,99.99,129.9,29.91,99.4,120.9,21.5,79.9,85.99,6.09,71.79,365,96.99,234,25.2,71.35,71.71,72.59
2026-08-19 06:58:06,2026-08-19 09:58:06,1151,982,65.6,64.1,97.0,62.56,127.0,1062,956,881,0.0,72.16,70.2,114.0,68.07,145.0,959,875,598,1,,,,,,29,29,19,0,99.4,97.62,120.9,89.9,160.0,257,244,145,3,80.15,78.58,94.99,76.0,122.0,944,865,890,0.0,1283,551,412,138,19,163,483,957,570,267,65.43,408,248,71.99,353,30,100.0,5,40,99.4,32,552,80.25,489,65.18,88.99,23.81,71.8,96.99,25.19,99.99,129.9,29.91,99.4,120.9,21.5,79.9,85.99,6.09,71.8,364,96.99,234,25.19,71.35,71.74,72.59
2026-08-19 07:47:18,2026-08-19 10:47:18,1152,982,65.6,64.1,97.0,62.56,127.0,1060,953,882,0.0,72.16,70.21,114.0,69.39,145.0,957,872,598,1,,,,,,29,29,19,0,99.4,97.62,120.9,89.9,160.0,257,243,145,3,80.15,78.58,94.99,76.0,122.0,944,862,890,0.0,1283,545,408,141,18,171,483,955,539,244,65.43,406,225,71.99,350,24,100.0,5,35,99.4,32,515,80.25,490,65.18,88.99,23.81,71.85,96.99,25.14,99.99,129.9,29.91,99.4,120.9,21.5,79.9,85.99,6.09,71.85,368,96.99,230,25.14,71.35,71.74,72.73
2026-08-19 08:48:35,2026-08-19 11:48:35,1152,978,65.6,64.1,97.4,62.56,127.0,1061,951,887,0,72.16,70.21,114.0,69.39,145.0,958,869,601,1.0,,,,,,29,29,19,0,99.4,97.59,120.9,89.9,160.0,257,242,144,3,80.15,78.58,94.99,76.0,122.0,945,860,892,0,1283,516,436,143,19,169,493,961,463,193,65.43,402,192,71.94,343,24,100.0,5,30,99.4,35,442,80.25,496,65.18,88.99,23.81,71.81,96.99,25.18,99.99,129.9,29.91,99.4,120.9,21.5,79.9,85.99,6.09,71.81,369,96.99,232,25.18,71.35,71.74,72.65
2026-08-19 09:41:42,2026-08-19 12:41:42,1152,976,65.5,64.1,98.0,62.56,127.0,1062,950,861,0.0,71.94,70.15,114.0,69.39,145.0,959,863,570,2,,,,,,29,29,19,0,99.4,97.32,120.9,89.9,160.0,243,229,125,4,80.15,78.58,94.99,76.0,122.0,946,855,893,0.0,1283,527,433,146,22,155,500,964,478,197,65.43,385,196,71.94,335,23,100.0,4,37,99.4,35,451,80.25,498,65.18,88.99,23.81,71.9,95.0,23.1,99.99,129.9,29.91,99.4,120.9,21.5,79.9,85.99,6.09,71.9,373,95.0,197,23.1,71.35,71.74,72.73
2026-08-19 10:37:17,2026-08-19 13:37:17,1151,993,65.6,64.1,98.0,62.56,127.0,1061,966,885,0,72.05,70.19,114.0,69.39,145.0,958,877,593,1.0,,,,,,29,29,19,0,99.4,97.45,120.9,89.9,160.0,253,247,138,3,80.15,78.58,94.99,76.0,122.0,945,872,893,0,1283,517,435,158,21,152,507,967,480,180,65.43,399,184,71.94,339,27,100.0,4,34,99.4,34,459,80.25,500,65.18,88.99,23.81,71.9,96.99,25.09,99.99,129.9,29.91,99.4,120.9,21.5,79.9,85.99,6.09,71.9,374,96.99,219,25.09,71.35,71.74,72.65
2026-08-19 11:33:33,2026-08-19 14:33:33,1151,979,65.6,64.1,98.0,62.56,127.0,1061,953,889,0,72.16,70.2,114.0,68.07,145.0,958,870,606,1.0,,,,,,29,29,19,0,99.4,97.72,120.9,89.9,160.0,258,243,148,3.0,80.15,78.58,94.99,76.0,122.0,945,859,894,0,1283,506,445,166,19,147,505,971,466,200,65.43,394,194,71.99,341,20,100.0,4,36,99.4,36,434,80.25,496,65.18,88.99,23.81,71.89,96.99,25.1,99.99,129.9,29.91,99.4,120.9,21.5,79.9,85.99,6.09,71.89,375,96.99,231,25.1,71.35,71.74,72.62
2026-08-19 13:02:17,2026-08-19 16:02:17,1150,976,65.6,64.1,98.0,62.56,127.0,1059,949,884,0,72.16,70.21,114.0,69.39,145.0,957,869,608,1,,,,,,29,29,19,0,99.4,97.42,120.9,89.9,160.0,257,240,146,3,80.15,78.58,94.99,76.0,122.0,943,853,894,0,1283,507,441,177,22,136,510,973,495,242,65.43,386,211,71.95,340,24,100.0,5,47,99.39,34,455,80.25,491,65.18,88.99,23.81,71.9,96.99,25.09,99.99,129.9,29.91,99.4,120.9,21.5,79.9,85.99,6.09,71.9,379,96.99,229,25.09,71.35,71.74,72.81
2026-08-19 13:52:21,2026-08-19 16:52:21,1151,974,65.6,64.1,98.0,62.56,127.0,1059,946,884,0,72.16,70.21,114.0,69.39,145.0,957,864,608,1,,,,,,29,29,19,0,99.4,97.42,120.9,89.9,160.0,257,237,146,3,80.15,78.58,94.99,76.0,122.0,943,850,894,0,1277,469,476,183,18,131,511,977,472,221,65.43,378,198,71.94,332,20,100.0,5,38,99.39,34,441,80.25,485,65.18,88.99,23.81,71.9,96.99,25.09,99.99,129.9,29.91,99.4,120.9,21.5,79.9,85.99,6.09,71.9,380,96.99,228,25.09,71.35,71.74,72.92
2026-08-19 14:42:46,2026-08-19 17:42:46,1151,974,65.6,64.1,98.0,62.56,127.0,1059,946,887,0,72.16,70.21,114.0,69.39,145.0,957,865,615,1,,,,,,29,29,19,0,99.4,97.47,120.9,89.9,160.0,258,239,149,3.0,80.15,78.58,94.99,76.0,122.0,943,852,894,0,1277,482,479,172,14,130,511,980,469,199,65.43,377,180,71.95,334,24,100.0,5,39,99.39,32,443,80.25,488,65.18,88.99,23.81,71.9,96.99,25.09,99.99,129.9,29.91,99.4,120.9,21.5,79.9,85.99,6.09,71.9,380,96.99,235,25.09,71.35,71.74,73.03
2026-08-19 15:39:16,2026-08-19 18:39:16,1150,972,65.6,64.1,98.0,62.56,127.0,1059,943,886,0,72.16,70.22,114.0,69.39,145.0,957,864,616,1,,,,,,29,29,19,0,99.4,97.48,120.9,89.9,160.0,259,240,150,3,80.15,78.58,94.99,76.0,122.0,942,849,893,0.0,1277,450,505,185,10,127,500,975,467,209,65.43,376,189,71.94,324,31,100.0,4,48,99.39,32,445,80.25,478,65.18,88.99,23.81,71.9,96.99,25.09,99.99,129.9,29.91,99.4,120.9,21.5,79.9,85.99,6.09,71.9,382,96.99,234,25.09,71.35,71.74,73.03
2026-08-19 16:40:02,2026-08-19 19:40:02,1151,970,65.6,64.1,98.0,62.56,127.0,1059,941,885,0,72.16,70.22,114.0,69.39,145.0,958,863,617,1.0,,,,,,28,28,18,0.0,99.4,97.48,120.9,89.9,160.0,260,241,150,2.5,80.15,78.58,94.99,76.0,122.0,942,847,892,0.0,1277,456,499,185,15,122,510,980,482,213,65.43,378,190,71.94,324,32,100.0,4,48,99.4,30,457,80.25,485,65.18,88.99,23.81,71.9,96.99,25.09,99.99,129.9,29.91,99.4,120.9,21.5,79.9,85.95,6.05,71.9,383,96.99,234,25.09,71.35,71.74,72.92
2026-08-19 17:33:59,2026-08-19 20:33:59,1151,969,65.6,64.1,98.0,62.56,127.0,1061,941,887,0,72.16,70.22,114.0,69.39,145.0,959,862,621,1,,,,,,28,28,18,0.0,99.4,97.48,120.9,89.9,160.0,260,240,150,2.5,80.15,78.58,94.99,76.0,122.0,944,847,894,0.0,1277,455,528,164,13,117,509,979,423,160,65.43,376,142,71.94,328,19,100.0,4,31,99.39,31,404,80.25,475,65.18,88.99,23.81,71.9,96.99,25.09,99.99,129.9,29.91,99.4,120.9,21.5,79.9,85.95,6.05,71.9,385,96.99,236,25.09,71.35,71.74,72.92
2026-08-19 18:47:02,2026-08-19 21:47:02,1151,963,65.5,64.1,98.0,62.56,127.0,1061,937,860,0,71.94,70.17,114.0,69.39,145.0,960,859,577,1.0,,,,,,28,28,18,0.0,99.4,97.2,120.9,89.9,160.0,242,220,121,4.5,80.15,78.58,94.99,76.0,122.0,944,843,894,0.0,1277,443,555,162,7,110,510,982,409,154,65.43,374,142,71.94,326,22,100.0,5,33,99.4,30,393,80.25,476,65.18,88.99,23.81,71.9,94.9,23.0,99.99,129.9,29.91,99.4,99.39,-0.01,79.9,85.91,6.01,71.9,387,94.9,190,23.0,71.35,71.74,72.92
2026-08-19 19:32:56,2026-08-19 22:32:56,1151,968,65.5,64.1,98.0,62.56,127.0,1061,942,862,0,71.94,70.18,114.0,69.39,145.0,960,863,578,1.0,,,,,,29,29,19,0,99.4,97.2,120.9,89.9,160.0,242,221,121,4.5,80.15,78.58,94.99,76.0,122.0,945,848,896,0,1277,430,576,147,15,109,505,978,380,158,65.43,369,139,71.94,325,17,100.0,5,34,99.4,31,353,80.25,466,65.18,88.99,23.81,71.9,94.9,23.0,99.99,129.9,29.91,99.4,99.39,-0.01,79.9,85.91,6.01,71.9,386,94.9,192,23.0,71.35,71.74,73.03
2026-08-19 20:37:40,2026-08-19 23:37:40,1151,970,65.5,64.1,98.0,62.56,127.0,1061,944,861,0,71.94,70.18,114.0,69.39,145.0,960,865,579,1.0,,,,,,29,29,19,0,99.4,97.12,120.9,89.9,160.0,241,221,123,4,80.15,78.58,94.99,76.0,122.0,943,849,894,0,1277,431,581,155,5,105,505,978,355,140,65.43,374,125,71.99,333,11,100.0,5,32,99.4,29,329,80.25,471,65.18,88.99,23.81,71.9,94.95,23.05,99.99,129.9,29.91,99.4,115.45,16.05,79.9,85.95,6.05,71.9,387,94.95,192,23.05,71.35,71.74,72.92
2026-08-19 21:33:35,2026-08-20 00:33:35,1150,975,65.6,64.1,98.0,62.56,127.0,1060,949,868,1.0,72.16,70.21,114.0,68.07,145.0,959,869,604,2,,,,,,29,29,19,1,99.4,97.82,120.9,89.9,160.0,259,241,142,3,80.15,78.58,94.99,76.0,122.0,943,852,888,1,1277,432,574,156,8,107,507,976,366,152,65.43,371,140,71.95,337,17,100.0,4,38,99.4,31,338,80.25,469,65.18,88.99,23.81,71.9,96.99,25.09,99.99,129.9,29.91,99.4,120.9,21.5,79.9,85.95,6.05,71.9,378,96.99,226,25.09,71.35,71.74,72.65
2026-08-19 22:33:26,2026-08-20 01:33:26,1151,978,65.49,64.08,98.91,62.56,127.0,1061,951,818,1,71.94,70.1,114.0,68.07,145.0,956,867,559,2.0,,,,,,29,29,19,1,99.4,97.26,120.9,89.9,160.0,244,227,115,5.0,80.15,78.58,94.99,76.0,122.0,944,853,888,1.0,1277,437,565,149,17,109,505,980,359,163,65.43,368,152,71.97,334,18,100.0,3,35,99.4,32,334,80.25,463,65.18,88.99,23.81,71.9,95.0,23.1,99.99,129.9,29.91,99.4,120.9,21.5,79.9,85.99,6.09,71.9,377,95.0,182,23.1,71.35,71.74,72.65
2026-08-19 23:30:31,2026-08-20 02:30:31,1152,980,65.49,64.06,98.91,62.56,127.0,1062,953,816,1.0,71.94,70.09,114.0,68.07,145.0,957,867,555,2,,,,,,29,29,19,0,99.4,97.14,120.9,89.9,160.0,243,229,115,5,80.15,78.59,94.99,76.0,122.0,944,856,888,1.0,1277,461,551,138,20,107,508,982,352,158,65.43,368,141,71.94,327,19,100.0,4,29,99.4,32,328,80.25,467,65.18,88.99,23.81,71.9,95.0,23.1,99.99,129.9,29.91,99.4,110.0,10.6,79.9,85.99,6.09,71.9,376,95.0,179,23.1,71.35,71.74,72.73
2026-08-20 01:44:58,2026-08-20 04:44:58,1151,978,65.6,64.1,98.0,62.56,127.0,1062,952,871,1.0,72.16,70.21,114.0,68.07,145.0,957,866,606,1,,,,,,29,29,19,0,99.4,97.66,120.9,89.9,160.0,261,246,146,3,80.15,78.58,94.99,76.0,122.0,944,855,889,0.0,1277,483,535,114,25,120,503,988,330,173,65.43,373,150,71.99,325,19,100.0,3,35,99.4,31,302,80.19,469,65.18,88.99,23.81,71.9,96.99,25.09,99.99,129.9,29.91,99.4,120.9,21.5,79.9,85.99,6.09,71.9,378,96.99,228,25.09,71.35,71.74,72.65
2026-08-20 03:05:20,2026-08-20 06:05:20,1152,978,65.6,64.1,98.0,62.56,127.0,1063,952,857,1,72.05,70.21,114.0,69.39,145.0,958,866,599,1.0,,,,,,29,29,20,0,99.4,97.5,120.9,89.9,160.0,258,243,141,3.0,80.15,78.58,94.99,76.0,122.0,946,858,892,0.0,1277,481,539,111,19,127,507,989,319,165,65.43,380,149,71.94,328,19,100.0,3,30,99.39,31,290,80.25,466,65.18,88.99,23.81,71.9,96.99,25.09,99.99,129.9,29.91,99.4,120.9,21.5,79.9,85.99,6.09,71.9,380,96.99,219,25.09,71.35,71.74,72.73
2026-08-20 03:54:53,2026-08-20 06:54:53,1152,978,65.6,64.1,98.0,62.56,127.0,1063,952,857,1,72.05,70.21,114.0,69.39,145.0,958,867,599,1.0,,,,,,29,29,20,0,99.4,97.5,120.9,89.9,160.0,258,244,141,3.0,80.15,78.58,94.99,76.0,122.0,946,859,892,0.0,1277,504,469,150,17,137,501,988,434,236,65.43,373,219,71.99,328,24,100.0,3,36,99.4,30,400,80.25,462,65.18,88.99,23.81,71.9,96.99,25.09,99.99,129.9,29.91,99.4,120.9,21.5,79.9,85.95,6.05,71.9,379,96.99,220,25.09,71.35,71.74,72.65
2026-08-20 04:46:05,2026-08-20 07:46:05,1151,976,65.6,64.1,98.0,62.56,127.0,1062,950,857,0.0,72.05,70.19,114.0,69.39,145.0,957,866,600,1,,,,,,29,29,20,0,99.4,97.48,120.9,89.9,160.0,257,242,140,3,80.15,78.58,94.99,76.0,122.0,945,858,892,0,1277,521,437,170,14,135,512,988,515,283,65.43,375,255,71.94,328,35,100.0,3,44,99.39,31,489,80.25,467,65.18,88.99,23.81,71.9,96.99,25.09,99.99,129.9,29.91,99.4,120.9,21.5,79.9,85.95,6.05,71.9,380,96.99,220,25.09,71.35,71.74,72.65
2026-08-20 05:38:18,2026-08-20 08:38:18,1151,978,65.6,64.1,98.0,62.56,127.0,1061,952,883,0,72.16,70.19,114.0,68.07,145.0,956,868,612,1.0,,,,,,29,29,20,0,99.4,97.63,120.9,89.9,160.0,260,245,146,3.0,80.15,78.59,94.99,76.0,122.0,945,859,891,0,1277,515,424,175,20,143,517,991,513,283,65.43,379,256,71.94,329,36,100.0,3,44,99.39,31,493,80.25,465,65.18,88.99,23.81,71.9,96.99,25.09,99.99,129.9,29.91,99.4,120.9,21.5,79.9,85.99,6.09,71.9,382,96.99,230,25.09,71.35,71.74,72.73
2026-08-20 07:04:18,2026-08-20 10:04:18,1152,976,65.6,64.1,98.0,62.56,127.0,1060,949,892,0.0,72.11,70.2,114.0,69.39,145.0,956,867,617,1.0,,,,,,29,29,20,0,99.4,97.78,120.9,96.08,160.0,259,245,146,3,80.15,78.58,94.99,76.0,122.0,946,858,891,0.0,1277,536,391,174,24,152,528,993,582,310,65.43,379,283,71.94,326,36,100.0,3,49,99.39,33,558,80.25,470,65.19,88.99,23.8,71.9,96.99,25.09,99.99,129.9,29.91,99.4,120.9,21.5,79.9,85.99,6.09,71.9,387,96.99,230,25.09,71.35,71.74,72.65
2026-08-20 07:49:46,2026-08-20 10:49:46,1152,976,65.6,64.11,98.0,62.56,127.0,1060,950,893,0.0,72.13,70.2,114.0,69.39,145.0,956,866,618,1.0,,,,,,29,29,20,0,99.4,97.78,120.9,96.08,160.0,259,243,146,3,80.15,78.59,94.99,76.0,122.0,946,857,893,0.0,1277,556,385,174,15,147,528,992,573,291,65.43,381,270,71.93,332,32,100.0,3,50,99.39,35,540,80.25,473,65.19,88.99,23.8,71.9,96.99,25.09,99.99,129.9,29.91,99.4,120.9,21.5,79.9,86.5,6.6,71.9,386,96.99,232,25.09,71.35,71.74,72.73
2026-08-20 08:50:11,2026-08-20 11:50:11,1151,969,65.6,64.1,98.0,62.56,127.0,1062,943,895,0.0,72.11,70.19,114.0,68.07,145.0,957,861,621,1,,,,,,29,29,20,0,99.4,97.45,120.9,89.9,160.0,260,241,148,3.0,80.15,78.58,94.99,76.0,122.0,947,850,894,0,1277,537,417,160,11,152,518,992,497,223,65.43,380,223,71.92,325,23,100.0,2,40,99.39,34,478,80.25,455,65.19,88.99,23.8,71.9,96.99,25.09,99.99,129.9,29.91,99.4,120.9,21.5,79.9,85.99,6.09,71.9,388,96.99,233,25.09,71.35,71.74,72.73
2026-08-20 09:43:12,2026-08-20 12:43:12,1150,966,65.53,64.09,98.0,62.56,127.0,1061,940,844,0,71.94,70.1,114.0,69.39,145.0,956,858,579,2.0,,,,,,29,29,20,0,99.4,97.32,120.9,89.9,160.0,244,222,119,5.0,80.15,78.58,94.99,76.0,122.0,946,847,895,0.0,1277,520,431,157,21,148,516,993,492,214,65.43,380,213,71.92,324,25,100.0,2,38,99.39,33,468,80.19,456,65.19,88.99,23.8,71.9,95.0,23.1,99.99,129.9,29.91,99.4,105.0,5.6,79.9,85.99,6.09,71.9,391,95.0,188,23.1,71.35,71.74,72.65
2026-08-20 10:38:50,2026-08-20 13:38:50,1151,969,65.6,64.1,98.0,62.56,127.0,1062,943,853,0.0,71.94,70.1,114.0,68.07,145.0,957,861,587,1,,,,,,28,28,18,0.0,99.4,97.25,120.9,89.9,160.0,249,225,124,5,80.15,78.58,94.99,76.0,122.0,947,850,895,0,1277,521,428,166,19,143,514,995,519,225,65.43,379,214,71.9,318,26,100.0,2,45,99.39,33,504,80.25,451,65.19,88.99,23.8,71.89,95.47,23.58,99.99,129.9,29.91,99.4,120.9,21.5,79.9,85.99,6.09,71.89,395,95.47,192,23.58,71.35,71.74,72.73
2026-08-20 11:34:45,2026-08-20 14:34:45,1151,971,65.6,64.1,98.0,62.56,127.0,1062,944,895,0.0,72.03,70.19,114.0,68.07,145.0,957,861,628,1,,,,,,29,29,20,0,99.4,97.41,120.9,89.9,160.0,259,237,145,3,80.15,78.58,94.99,76.0,122.0,947,849,896,0,1277,508,458,161,20,130,508,998,482,201,65.43,379,184,71.9,319,25,100.0,1,35,99.39,33,461,80.19,449,65.19,88.99,23.8,71.89,96.99,25.1,99.99,129.9,29.91,99.4,120.9,21.5,79.9,86.5,6.6,71.89,397,96.99,231,25.1,71.35,71.74,72.65
2026-08-20 13:04:20,2026-08-20 16:04:20,1153,973,65.6,64.1,98.0,49.0,127.0,1063,947,899,0,72.03,70.2,114.0,66.0,145.0,958,866,636,1.0,,,,,,29,29,20,0,99.4,97.45,120.9,89.9,160.0,259,236,148,3,80.15,78.59,94.99,76.0,122.0,947,849,896,0,1277,498,472,185,10,112,506,1003,489,233,65.43,371,201,71.9,314,30,100.0,1,39,99.39,31,462,80.25,436,65.19,88.99,23.8,71.9,96.99,25.09,99.99,129.9,29.91,99.4,120.9,21.5,79.9,87.5,7.6,71.9,400,96.99,236,25.09,71.35,71.74,72.65
2026-08-20 13:55:34,2026-08-20 16:55:34,1153,969,65.6,64.1,98.0,62.56,127.0,1062,942,897,0.0,72.03,70.21,114.0,69.39,145.0,957,863,634,1,,,,,,29,29,19,0,99.4,97.45,120.9,89.9,160.0,259,236,148,3,80.15,78.58,94.99,76.0,122.0,946,845,894,0.0,1277,504,478,185,7,103,513,1010,491,212,65.43,377,194,71.9,311,29,100.0,2,45,99.39,32,464,80.25,442,65.19,88.99,23.8,71.9,96.99,25.09,99.99,129.9,29.91,99.4,120.9,21.5,79.9,87.25,7.35,71.9,400,96.99,234,25.09,71.35,71.74,72.65
2026-08-20 14:45:18,2026-08-20 17:45:18,1153,968,65.6,64.1,98.0,62.56,127.0,1063,940,855,0,71.94,70.1,114.0,68.07,145.0,958,864,598,1.0,,,,,,29,29,20,0,99.4,97.29,120.9,89.9,160.0,247,221,127,4,80.15,78.58,94.99,76.0,122.0,947,845,897,0,1277,522,447,198,10,100,520,1011,517,228,65.43,385,214,71.9,312,27,100.0,2,44,99.39,32,493,80.25,443,65.19,88.99,23.8,71.9,95.0,23.1,99.99,129.9,29.91,99.4,120.9,21.5,79.9,87.25,7.35,71.9,402,95.0,196,23.1,71.35,71.74,72.62
2026-08-20 15:41:14,2026-08-20 18:41:14,1152,966,65.6,64.1,98.0,62.56,127.0,1063,938,900,0,72.05,70.21,114.0,68.07,145.0,958,863,639,1.0,,,,,,29,29,20,0,99.4,97.35,120.9,89.9,160.0,259,232,150,3,80.15,78.58,94.99,76.0,122.0,947,843,897,0,1277,515,466,182,17,97,518,1011,520,215,65.43,379,202,71.9,305,31,100.0,2,36,99.39,32,499,80.25,436,65.19,88.99,23.8,71.9,96.99,25.09,99.99,129.9,29.91,99.4,120.9,21.5,79.9,87.5,7.6,71.9,404,96.99,235,25.09,71.35,71.74,72.73
2026-08-20 16:44:08,2026-08-20 19:44:08,1152,969,65.5,64.09,98.0,62.56,127.0,1063,941,842,0,71.94,70.09,114.0,68.07,145.0,958,864,586,1.0,,,,,,29,29,19,0,99.4,97.18,106.0,89.9,160.0,242,217,119,5.0,80.15,78.58,94.99,76.0,122.0,948,847,896,0.0,1277,504,480,182,15,96,518,1012,502,198,65.43,357,191,71.9,301,26,100.0,2,33,99.39,32,480,80.25,432,65.19,88.99,23.8,71.9,94.9,23.0,99.99,129.9,29.91,99.4,99.39,-0.01,79.9,86.5,6.6,71.9,404,94.9,182,23.0,71.35,71.74,72.73
2026-08-20 17:37:52,2026-08-20 20:37:52,1152,968,65.6,64.1,98.0,62.56,127.0,1063,940,870,0,71.94,70.19,114.0,69.39,145.0,958,863,620,1.0,,,,,,29,29,19,0,99.4,97.32,120.9,89.9,160.0,251,226,135,3,80.15,78.59,94.99,76.0,122.0,947,846,896,0,1277,484,490,194,8,101,510,1010,498,174,65.43,353,162,71.9,299,20,100.0,2,38,99.39,33,468,80.25,420,65.19,88.99,23.8,71.9,96.9,25.0,99.99,129.9,29.91,99.4,120.9,21.5,79.9,87.25,7.35,71.9,407,96.9,213,25.0,71.35,71.74,72.73
2026-08-20 18:52:37,2026-08-20 21:52:37,1152,970,65.6,64.1,98.0,62.56,127.0,1063,941,870,0,71.94,70.19,114.0,69.39,145.0,958,862,621,1.0,,,,,,29,29,20,0,99.4,97.31,120.9,89.9,160.0,251,227,134,4,80.15,78.59,94.99,76.0,122.0,946,845,896,0.0,1277,491,490,187,10,99,499,1010,482,183,65.43,339,168,71.9,306,14,100.0,2,41,99.39,33,460,80.25,406,65.19,88.99,23.8,71.9,96.9,25.0,99.99,129.9,29.91,99.4,120.9,21.5,79.9,87.5,7.6,71.9,408,96.9,213,25.0,71.35,71.74,72.73
2026-08-20 19:37:37,2026-08-20 22:37:37,1153,961,65.6,64.1,98.0,62.56,127.0,1063,933,871,0,71.94,70.16,114.0,69.39,145.0,958,855,623,1.0,,,,,,29,29,20,0,99.4,97.32,120.9,89.9,160.0,252,224,135,3.5,80.15,78.6,94.99,76.0,122.0,946,837,896,0.0,1277,494,495,178,11,99,495,1012,463,186,65.43,342,166,71.9,305,13,100.0,2,35,99.39,32,434,80.25,400,65.19,88.99,23.8,71.9,96.9,25.0,99.99,129.9,29.91,99.4,120.9,21.5,79.9,87.5,7.6,71.9,409,96.9,214,25.0,71.35,71.74,72.73
2026-08-20 20:38:12,2026-08-20 23:38:12,1153,964,65.6,64.1,98.0,62.56,127.0,1063,936,900,0,71.99,70.2,114.0,69.39,145.0,958,857,645,1.0,,,,,,29,29,20,0,99.4,97.35,120.9,89.9,160.0,259,235,150,3,80.15,78.6,94.99,76.0,122.0,946,842,895,0.0,1277,465,520,180,11,101,501,1017,395,155,65.43,336,146,71.9,300,16,100.0,2,29,99.39,32,376,80.25,404,65.19,88.99,23.8,71.9,96.99,25.09,99.99,129.9,29.91,99.4,120.9,21.5,79.9,87.0,7.1,71.9,409,96.99,236,25.09,71.35,71.74,72.73
2026-08-20 21:35:36,2026-08-21 00:35:36,1151,972,65.6,64.1,98.0,49.0,127.0,1063,945,883,1,72.0,70.14,114.0,66.0,145.0,958,863,628,2.0,,,,,,29,29,20,1,99.4,97.29,120.9,89.9,160.0,259,237,140,4,80.15,78.6,94.99,76.0,122.0,945,848,889,1,1277,454,528,181,17,97,506,1016,392,160,65.43,334,160,71.9,307,20,100.0,2,31,99.39,32,378,80.25,405,65.19,88.99,23.8,71.9,96.99,25.09,99.99,129.9,29.91,99.4,120.9,21.5,79.9,87.0,7.1,71.9,402,96.99,226,25.09,71.35,71.74,72.92
2026-08-20 22:35:53,2026-08-21 01:35:53,1151,967,65.6,64.11,98.0,62.56,129.0,1062,941,883,1.0,72.03,70.18,114.0,69.39,147.0,957,858,628,2,,,,,,29,29,20,1,99.4,97.31,120.9,89.9,160.0,259,234,143,3,80.15,78.6,94.99,76.0,122.0,946,844,890,1.0,1277,451,529,177,22,98,505,1017,389,178,65.43,335,175,71.9,310,30,100.0,2,40,99.39,32,370,80.25,403,65.19,88.99,23.8,71.9,96.99,25.09,99.99,129.9,29.91,99.4,120.9,21.5,79.9,87.25,7.35,71.9,403,96.99,225,25.09,71.35,71.74,72.92
2026-08-20 23:33:22,2026-08-21 02:33:22,1150,976,65.6,64.11,98.0,62.56,129.0,1061,949,883,0,72.0,70.14,114.0,68.07,147.0,956,867,628,1.0,,,,,,29,29,20,0,99.4,97.32,120.9,89.9,160.0,260,241,146,3.0,80.15,78.6,94.99,76.0,122.0,945,853,890,0,1277,459,527,167,21,103,508,1018,360,162,65.43,335,161,71.9,310,25,100.0,2,37,99.39,32,338,80.25,407,65.19,88.99,23.8,71.9,96.99,25.09,99.99,129.9,29.91,99.4,120.9,21.5,79.9,87.5,7.6,71.9,403,96.99,225,25.09,71.35,71.74,72.92
2026-08-21 01:50:02,2026-08-21 04:50:02,1151,976,65.6,64.1,98.0,62.56,129.0,1061,949,882,0,72.0,70.1,114.0,68.07,147.0,957,869,628,1,,,,,,28,28,18,0.0,99.4,97.31,120.9,89.9,160.0,260,242,144,3.0,80.15,78.6,94.99,76.0,122.0,945,853,889,0,1276,493,501,128,32,122,490,1020,285,141,65.43,337,136,71.9,309,12,100.0,2,32,99.39,30,273,80.25,388,65.19,88.99,23.8,71.9,96.99,25.09,99.99,129.9,29.91,99.4,120.9,21.5,79.9,87.5,7.6,71.9,405,96.99,223,25.09,71.35,71.74,72.81
2026-08-21 03:10:44,2026-08-21 06:10:44,1152,972,65.6,64.1,98.0,62.56,129.0,1063,945,888,0,72.0,70.1,114.0,68.07,149.0,959,867,634,1,,,,,,29,29,20,0,99.4,97.18,120.9,89.9,160.0,259,240,146,3,80.15,78.6,94.99,76.0,122.0,946,851,891,0.0,1276,488,489,140,23,136,477,1019,352,168,65.43,337,162,71.9,301,15,100.0,2,37,99.39,31,328,80.25,386,65.19,88.99,23.8,71.9,96.99,25.09,99.99,129.9,29.91,99.4,120.9,21.5,79.9,87.5,7.6,71.9,406,96.99,228,25.09,71.35,71.74,72.73
2026-08-21 04:48:30,2026-08-21 07:48:30,1152,973,65.6,64.1,98.0,62.56,129.0,1063,946,891,0,71.99,70.1,114.0,68.07,149.0,959,864,636,1,,,,,,29,29,20,0,99.4,97.18,120.9,89.9,160.0,259,241,147,3,80.15,78.6,94.99,76.0,122.0,946,851,891,0.0,1276,531,423,161,20,141,495,1027,520,226,65.43,339,216,71.9,311,29,100.0,2,38,99.39,31,495,80.25,399,65.19,88.99,23.8,71.9,96.99,25.09,99.99,129.9,29.91,99.4,120.9,21.5,79.9,87.5,7.6,71.9,408,96.99,228,25.09,71.35,71.74,72.73
2026-08-21 05:39:35,2026-08-21 08:39:35,1153,968,65.6,64.12,98.0,62.56,129.0,1063,941,896,0,71.99,70.1,114.0,68.07,149.0,959,858,637,1,,,,,,29,29,20,0,99.4,97.18,120.9,89.9,160.0,259,242,147,3,80.15,78.6,94.99,76.0,122.0,947,846,892,0,1276,521,410,191,19,135,499,1026,553,247,65.43,332,226,71.9,308,26,100.0,2,35,99.39,31,527,80.25,407,65.19,88.99,23.8,71.9,96.99,25.09,99.99,129.9,29.91,99.4,120.9,21.5,79.9,87.5,7.6,71.9,409,96.99,228,25.09,71.35,71.74,72.92
2026-08-21 07:00:08,2026-08-21 10:00:08,1154,973,65.6,64.12,98.0,62.56,129.0,1063,946,896,0,71.94,70.09,114.0,68.07,149.0,955,859,634,1,,,,,,29,29,20,0,99.4,97.18,120.9,89.9,160.0,258,240,146,3.0,80.15,78.6,94.99,76.0,122.0,944,849,889,0.0,1276,542,374,211,22,127,498,1022,590,310,65.43,332,272,71.9,302,35,100.0,2,43,99.4,28,570,80.25,406,65.19,88.99,23.8,71.9,96.99,25.09,99.99,129.9,29.91,99.4,120.9,21.5,79.9,87.5,7.6,71.9,410,96.99,224,25.09,71.35,71.74,72.92
2026-08-21 07:50:47,2026-08-21 10:50:47,1153,966,65.6,64.12,98.0,62.56,129.0,1064,939,897,0.0,71.94,70.1,114.0,68.07,149.0,955,850,637,1,,,,,,29,28,20,0,99.4,97.18,120.9,89.9,160.0,258,237,146,3.0,80.15,78.6,94.99,76.0,122.0,945,840,890,0,1276,556,367,209,23,121,505,1025,589,351,65.43,337,281,71.9,303,36,100.0,2,50,99.4,30,551,80.25,412,65.19,88.99,23.8,71.9,96.99,25.09,99.99,129.9,29.91,99.4,120.9,21.5,79.9,87.5,7.6,71.9,411,96.99,226,25.09,71.35,71.74,72.81
2026-08-21 08:51:35,2026-08-21 11:51:35,1151,974,65.6,64.15,98.0,62.56,129.0,1062,948,908,0.0,71.94,70.09,114.0,68.07,149.0,953,860,639,1,,,,,,29,29,20,0,99.4,97.18,120.9,89.9,160.0,259,240,147,3,80.15,78.6,94.99,76.0,122.0,946,849,893,0.0,1276,558,362,213,19,124,507,1028,581,361,65.43,336,291,71.9,299,24,100.0,2,39,99.4,30,549,80.25,412,65.19,88.99,23.8,71.89,96.99,25.1,99.99,129.9,29.91,99.4,120.9,21.5,79.9,87.5,7.6,71.89,413,96.99,226,25.1,71.35,71.74,72.73
2026-08-21 09:45:53,2026-08-21 12:45:53,1154,981,65.6,64.15,98.0,49.0,129.0,1063,954,914,0,71.94,70.09,114.0,66.0,149.0,954,865,642,1.0,,,,,,29,29,20,0,99.4,97.18,120.9,89.9,160.0,258,241,146,3.0,80.15,78.6,94.99,76.0,122.0,946,854,893,0.0,1276,556,363,205,23,129,500,1024,592,384,65.43,337,303,71.9,297,21,100.0,2,45,99.4,31,553,80.25,408,65.23,88.99,23.76,71.9,96.99,25.09,99.99,129.9,29.91,99.4,120.9,21.5,79.9,87.5,7.6,71.9,415,96.99,227,25.09,71.35,71.74,72.65
2026-08-21 10:38:27,2026-08-21 13:38:27,1155,983,65.6,64.15,98.0,49.0,129.0,1064,958,916,0.0,71.94,70.09,114.0,66.0,149.0,955,868,643,1,,,,,,29,29,20,0,99.4,97.17,120.9,89.9,160.0,258,242,145,3.0,80.15,78.6,94.99,76.0,122.0,946,857,893,0.0,1276,553,366,218,20,119,512,1024,588,378,65.49,342,296,71.94,302,22,100.0,2,52,99.39,33,555,80.25,412,65.23,88.99,23.76,71.9,96.99,25.09,99.99,129.9,29.91,99.4,120.9,21.5,79.9,87.5,7.6,71.9,416,96.99,227,25.09,71.35,71.74,72.65
2026-08-21 11:33:45,2026-08-21 14:33:45,1154,984,65.6,64.15,98.0,62.56,129.0,1065,958,917,0,71.94,70.09,114.0,68.07,149.0,956,868,646,1.0,,,,,,29,29,20,0,99.4,97.14,120.9,89.9,160.0,259,243,148,3,80.15,78.6,94.99,76.0,122.0,947,859,894,0,1276,568,370,210,14,114,509,1020,589,344,65.43,340,264,71.91,300,26,100.0,2,58,99.39,34,559,80.25,408,65.23,88.99,23.76,71.9,96.99,25.09,99.99,129.9,29.91,99.4,120.9,21.5,79.9,87.5,7.6,71.9,417,96.99,229,25.09,71.35,71.74,72.65
2026-08-21 13:03:11,2026-08-21 16:03:11,1153,972,65.6,64.15,98.0,62.56,129.0,1065,946,919,0,71.94,70.1,114.0,68.07,149.0,956,859,651,1.0,,,,,,29,29,20,0,99.4,97.1,120.9,89.9,160.0,260,243,151,2.0,80.15,78.6,94.99,76.0,122.0,947,849,894,0,1276,582,386,194,16,98,518,1023,577,321,65.43,348,247,71.9,293,25,100.0,2,55,99.39,32,547,80.25,410,65.23,88.99,23.76,71.9,96.99,25.09,99.99,129.9,29.91,99.4,120.9,21.5,79.9,87.5,7.6,71.9,420,96.99,231,25.09,71.35,71.74,72.73
2026-08-21 13:53:30,2026-08-21 16:53:30,1153,974,65.6,64.15,98.0,62.56,129.0,1065,948,919,0,71.94,70.1,114.0,68.07,149.0,956,862,651,1.0,,,,,,29,29,20,0,99.4,97.1,120.9,89.9,160.0,260,243,151,2.0,80.15,78.6,94.99,76.0,122.0,947,851,894,0,1276,559,399,205,17,96,514,1023,552,291,65.43,345,234,71.9,299,32,100.0,2,56,99.39,33,527,80.25,412,65.23,88.99,23.76,71.9,96.99,25.09,99.99,129.9,29.91,99.4,120.9,21.5,79.9,87.5,7.6,71.9,421,96.99,230,25.09,71.35,71.74,72.65
2026-08-21 14:45:07,2026-08-21 17:45:07,1153,966,65.6,64.15,98.0,49.0,129.0,1066,941,920,0.0,71.94,70.09,114.0,66.0,149.0,957,857,655,1,,,,,,29,29,20,0,99.4,97.1,120.9,89.9,160.0,260,239,151,2.0,80.15,78.62,94.99,76.0,122.0,946,843,894,0.0,1276,573,418,178,12,95,517,1023,551,290,65.43,346,233,71.9,303,25,100.0,2,50,99.39,34,521,80.25,408,65.23,88.99,23.76,71.9,96.99,25.09,99.99,129.9,29.91,99.4,120.9,21.5,79.9,87.5,7.6,71.9,422,96.99,233,25.09,71.35,71.74,72.73
2026-08-21 15:41:40,2026-08-21 18:41:40,1151,959,65.6,64.15,98.0,62.56,129.0,1062,932,917,0.0,71.94,70.1,114.0,68.07,149.0,953,848,651,1,,,,,,29,29,20,0,99.4,97.15,120.9,89.9,160.0,258,235,151,2.0,80.15,78.66,94.99,76.0,122.0,943,836,891,0,1276,561,417,182,19,97,522,1022,554,302,65.43,346,233,71.9,290,23,86.53,2,52,99.39,37,524,80.34,409,65.23,88.99,23.76,71.9,96.99,25.09,99.99,129.9,29.91,99.4,120.9,21.5,79.95,87.5,7.55,71.9,420,96.99,231,25.09,71.35,71.74,72.73
2026-08-21 16:43:55,2026-08-21 19:43:55,1151,956,65.6,64.15,98.0,62.56,129.0,1062,930,915,0.0,71.94,70.09,114.0,68.07,149.0,957,851,653,1,,,,,,29,29,19,0,99.4,97.16,120.9,89.9,160.0,259,235,152,2,80.15,78.66,94.99,76.0,122.0,945,836,891,0,1276,557,426,178,14,101,520,1024,536,264,65.43,356,201,71.9,296,28,86.53,2,46,99.39,36,510,80.35,409,65.23,88.99,23.76,71.9,96.99,25.09,99.99,129.9,29.91,99.4,120.9,21.5,79.95,87.25,7.3,71.9,421,96.99,232,25.09,71.35,71.74,72.73
2026-08-21 17:36:44,2026-08-21 20:36:44,1151,957,65.6,64.15,98.0,62.56,129.0,1063,931,916,0,71.94,70.09,114.0,68.07,149.0,958,853,656,1.0,,,,,,29,29,19,0,99.4,97.11,120.9,89.9,160.0,260,235,153,2.0,80.15,78.66,94.99,76.0,122.0,946,837,892,0.0,1276,514,471,172,15,104,528,1030,500,238,65.43,358,180,71.9,303,22,86.53,2,40,99.39,37,479,80.33,410,65.23,88.99,23.76,71.9,96.99,25.09,99.99,129.9,29.91,99.4,120.9,21.5,79.93,87.25,7.32,71.9,424,96.99,232,25.09,71.35,71.74,72.73
2026-08-21 18:49:25,2026-08-21 21:49:25,1151,954,65.6,64.15,98.0,62.56,129.0,1063,929,918,0,71.94,70.1,114.0,68.07,149.0,958,848,659,1.0,,,,,,29,29,20,0,99.4,97.12,120.9,89.9,160.0,261,238,155,2,80.15,78.66,94.99,76.0,122.0,946,835,893,0.0,1276,489,483,189,14,101,531,1034,485,235,65.43,351,195,71.9,303,24,86.53,2,38,99.39,37,464,80.33,420,65.23,88.99,23.76,71.9,96.99,25.09,99.99,129.9,29.91,99.4,120.9,21.5,79.93,87.5,7.57,71.9,424,96.99,235,25.09,71.35,71.74,72.73
2026-08-21 19:31:29,2026-08-21 22:31:29,1151,954,65.6,64.15,98.0,62.56,129.0,1063,930,918,0,71.94,70.1,114.0,68.07,149.0,958,848,660,1.0,,,,,,29,29,20,0,99.4,97.12,120.9,89.9,160.0,262,237,155,2.0,80.15,78.66,94.99,76.0,122.0,946,833,893,0.0,1276,454,502,197,21,102,539,1033,455,227,65.43,355,185,71.9,310,18,86.53,2,32,99.39,36,438,80.35,417,65.23,88.99,23.76,71.89,96.99,25.1,99.99,129.9,29.91,99.4,120.9,21.5,79.93,87.5,7.57,71.89,425,96.99,235,25.1,71.35,71.74,72.73
2026-08-21 20:33:38,2026-08-21 23:33:38,1151,958,65.6,64.15,98.0,62.56,129.0,1063,934,918,0,71.94,70.1,114.0,68.07,149.0,958,852,660,0.5,,,,,,29,29,20,0,99.4,97.12,120.9,89.9,160.0,261,238,156,2,80.15,78.66,94.99,76.0,122.0,946,837,894,0.0,1276,470,489,194,19,104,541,1037,426,207,65.43,350,166,71.9,313,16,86.53,2,33,99.39,38,409,80.28,428,65.23,88.99,23.76,71.89,96.99,25.1,99.99,129.9,29.91,99.4,120.9,21.5,79.93,87.5,7.57,71.89,425,96.99,235,25.1,71.35,71.74,72.73
2026-08-21 21:32:27,2026-08-22 00:32:27,1150,956,65.6,64.14,98.0,62.56,129.0,1062,932,903,1.0,71.94,70.09,114.0,68.07,149.0,957,850,644,1,,,,,,29,29,20,1,99.4,97.1,120.9,89.9,160.0,261,239,145,3,80.15,78.66,94.99,76.0,122.0,945,835,883,1,1276,443,500,203,17,113,540,1038,397,207,65.43,352,174,71.9,313,11,86.53,2,40,99.39,38,377,80.28,438,65.19,88.99,23.8,71.9,96.99,25.09,99.99,129.9,29.91,99.4,120.9,21.5,79.97,87.5,7.53,71.9,413,96.99,231,25.09,71.35,71.77,72.65
2026-08-21 22:33:13,2026-08-22 01:33:13,1150,955,65.6,64.15,98.0,62.56,129.0,1062,933,906,1.0,71.94,70.1,114.0,68.07,149.0,955,850,647,1,,,,,,28,28,19,1.0,99.4,97.13,120.9,89.9,160.0,254,236,147,3.0,80.15,78.66,94.99,76.0,122.0,943,834,882,1,1276,435,489,204,28,120,549,1041,388,226,65.49,359,192,71.9,317,14,73.05,1,47,99.39,37,369,80.37,438,65.22,93.0,27.78,71.9,96.99,25.09,99.99,129.9,29.91,99.4,120.9,21.5,80.0,87.5,7.5,71.9,415,96.99,232,25.09,71.35,71.79,72.65
2026-08-21 23:31:13,2026-08-22 02:31:13,1152,956,65.6,64.15,98.0,62.56,129.0,1064,934,910,0.0,71.94,70.1,114.0,69.39,149.0,957,851,651,1,,,,,,28,28,19,0.0,99.4,97.09,120.9,89.9,160.0,255,239,150,2,80.15,78.66,94.99,76.0,122.0,945,835,885,0,1276,453,473,186,33,131,548,1043,358,225,65.49,359,188,71.9,311,13,73.05,1,45,99.39,35,334,80.41,439,65.2,93.0,27.8,71.9,96.99,25.09,99.99,129.9,29.91,99.4,120.9,21.5,79.97,87.0,7.03,71.9,416,96.99,235,25.09,71.35,71.77,72.65
2026-08-22 01:43:14,2026-08-22 04:43:14,1152,955,65.6,64.15,98.0,62.56,129.0,1064,933,910,0.0,71.94,70.1,114.0,69.39,149.0,957,850,643,1,,,,,,28,28,19,0.0,99.4,97.1,120.9,89.9,160.0,253,235,146,3,80.15,78.66,94.99,76.0,122.0,945,834,886,0,1276,603,408,90,20,155,546,1047,330,204,65.43,348,172,71.9,308,20,73.05,1,39,99.39,35,304,80.42,431,65.2,92.9,27.7,71.9,96.99,25.09,99.99,129.9,29.91,99.4,120.9,21.5,79.95,87.5,7.55,71.9,417,96.99,226,25.09,71.35,71.77,72.62
2026-08-22 03:02:01,2026-08-22 06:02:01,1153,950,65.6,64.14,98.0,62.56,130.0,1064,928,910,0.0,71.94,70.09,114.0,68.07,149.0,958,846,654,1.0,,,,,,28,28,19,0.0,99.4,97.1,120.9,89.9,160.0,254,236,148,2.5,80.15,78.66,94.99,76.0,122.0,945,830,886,0,1276,613,390,71,20,182,537,1044,352,203,65.43,350,177,71.9,296,22,73.05,1,45,99.39,35,325,80.37,431,65.2,93.0,27.8,71.9,96.99,25.09,99.99,129.9,29.91,99.4,120.9,21.5,79.95,87.5,7.55,71.9,417,96.99,237,25.09,71.35,71.77,72.65
2026-08-22 03:50:34,2026-08-22 06:50:34,1154,954,65.6,64.15,98.0,62.56,130.0,1065,932,908,0,71.94,70.1,114.0,69.39,149.0,959,848,652,1,,,,,,27,27,17,0,99.4,97.1,120.9,89.9,160.0,254,238,147,3.0,80.15,78.66,94.99,76.0,122.0,946,834,884,0.0,1276,611,377,83,15,190,530,1043,394,240,65.43,344,198,71.91,294,25,73.05,1,48,99.39,35,365,80.31,431,65.22,93.0,27.78,71.9,96.99,25.09,99.99,129.9,29.91,99.4,120.9,21.5,79.95,85.99,6.04,71.9,418,96.99,234,25.09,71.35,71.77,72.62
2026-08-22 04:41:13,2026-08-22 07:41:13,1153,952,65.6,64.13,98.0,62.56,130.0,1065,930,908,0,71.94,70.09,114.0,68.07,149.0,959,847,655,1,,,,,,27,27,17,0,99.4,97.1,120.9,89.9,160.0,254,239,148,2.5,80.15,78.66,94.99,76.0,122.0,946,833,884,0.0,1276,601,373,82,21,199,533,1044,409,240,65.43,342,194,71.9,291,20,73.05,1,41,99.39,35,379,80.28,434,65.22,93.0,27.78,71.9,96.99,25.09,99.99,129.9,29.91,99.4,120.9,21.5,79.95,85.99,6.04,71.9,421,96.99,234,25.09,71.35,71.77,72.62
2026-08-22 05:34:45,2026-08-22 08:34:45,1154,959,65.6,64.15,98.0,62.56,130.0,1065,937,907,0,71.94,70.09,114.0,68.07,149.0,959,851,654,1,,,,,,26,26,16,0.5,99.4,97.1,120.9,89.9,160.0,254,241,148,2.5,80.15,78.66,94.99,76.0,122.0,946,841,884,0.0,1276,603,352,107,10,204,534,1050,430,243,65.46,338,207,71.94,297,17,73.05,1,41,99.39,35,402,80.28,436,65.23,93.0,27.77,71.9,96.99,25.09,99.99,119.45,19.46,99.4,120.9,21.5,79.97,86.5,6.53,71.9,422,96.99,232,25.09,71.35,71.77,72.65
2026-08-22 06:53:26,2026-08-22 09:53:26,1155,959,65.6,64.15,98.0,62.56,130.0,1064,937,910,0.0,71.94,70.09,114.0,68.07,149.0,959,853,656,1,,,,,,27,27,18,0,99.4,97.1,120.9,89.9,160.0,254,239,148,2.5,80.15,78.66,94.99,76.0,122.0,947,842,887,0,1276,600,342,109,15,210,534,1051,486,278,65.49,335,245,71.94,294,21,73.05,1,41,99.39,34,454,80.28,433,65.22,93.0,27.78,71.9,96.99,25.09,99.99,129.9,29.91,99.4,120.9,21.5,80.0,87.5,7.5,71.9,421,96.99,235,25.09,71.35,71.77,72.81
2026-08-22 07:38:17,2026-08-22 10:38:17,1154,966,65.6,64.15,98.0,62.56,130.0,1065,944,912,0,71.94,70.1,114.0,68.07,149.0,960,858,658,1.0,,,,,,28,28,19,0.0,99.4,97.1,120.9,89.9,160.0,254,241,148,2.5,80.15,78.66,94.99,76.0,122.0,948,849,888,0.0,1276,612,324,116,22,202,538,1051,532,296,65.5,334,267,71.94,296,30,73.05,1,43,99.39,34,496,80.28,427,65.22,93.0,27.78,71.9,96.99,25.09,99.99,129.9,29.91,99.4,120.9,21.5,79.93,87.5,7.57,71.9,424,96.99,234,25.09,71.35,71.77,72.73
2026-08-22 08:40:12,2026-08-22 11:40:12,1153,963,65.6,64.15,98.0,62.56,130.0,1064,941,912,0.0,71.94,70.09,114.0,68.07,149.0,959,854,656,1,,,,,,28,28,18,0.0,99.4,97.1,120.9,89.9,160.0,254,242,148,2.5,80.15,78.66,94.99,76.0,122.0,947,846,887,0,1276,603,346,114,13,200,538,1051,530,274,65.5,327,252,71.94,297,22,73.05,1,42,99.39,34,499,80.35,433,65.2,93.0,27.8,71.9,96.99,25.09,99.99,129.9,29.91,99.4,120.9,21.5,79.95,87.5,7.55,71.9,425,96.99,231,25.09,71.35,71.74,72.92
2026-08-22 09:35:00,2026-08-22 12:35:00,1153,959,65.6,64.15,98.0,62.56,130.0,1064,937,911,0.0,71.94,70.09,114.0,68.07,149.0,959,850,641,1,,,,,,28,28,18,0.0,99.4,97.0,120.9,89.9,160.0,251,235,140,3,80.15,78.66,94.99,76.0,122.0,947,840,886,0,1276,589,351,135,13,188,537,1048,533,271,65.5,330,253,71.94,304,26,73.05,1,47,99.39,33,502,80.35,427,65.19,93.0,27.81,71.9,96.99,25.09,99.99,129.9,29.91,99.4,120.9,21.5,79.95,87.5,7.55,71.9,425,96.99,216,25.09,71.35,71.74,72.92
2026-08-22 10:32:29,2026-08-22 13:32:29,1153,963,65.6,64.15,98.0,62.56,130.0,1064,941,917,0.0,71.94,70.09,114.0,68.07,149.0,959,855,645,1,,,,,,28,28,19,0.0,99.4,97.0,120.9,89.9,160.0,251,234,142,3,80.15,78.66,94.99,76.0,122.0,946,842,885,0.0,1276,587,348,146,16,179,524,1047,543,272,65.43,330,248,71.92,294,29,73.05,1,57,99.39,33,511,80.25,413,65.2,93.0,27.8,71.9,96.99,25.09,99.99,129.9,29.91,99.4,120.9,21.5,79.95,87.5,7.55,71.9,426,96.99,219,25.09,71.35,71.74,72.92
2026-08-22 11:28:36,2026-08-22 14:28:36,1153,961,65.6,64.15,98.0,62.56,130.0,1064,939,919,0.0,71.94,70.09,114.0,68.07,149.0,959,853,663,1,,,,,,28,28,18,0.0,99.4,97.02,120.9,89.9,160.0,255,238,153,2,80.15,78.66,94.99,76.0,122.0,946,840,888,0.0,1276,578,369,148,20,161,522,1049,528,266,65.43,324,248,71.92,299,31,73.05,1,57,99.39,34,495,80.25,412,65.22,93.0,27.78,71.9,96.99,25.09,99.99,129.9,29.91,99.4,120.9,21.5,79.97,87.5,7.53,71.9,429,96.99,234,25.09,71.35,71.74,73.03
2026-08-22 12:54:40,2026-08-22 15:54:40,1153,959,65.6,64.15,98.0,62.56,130.0,1063,937,923,0,71.94,70.09,114.0,68.07,149.0,958,852,665,1.0,,,,,,28,28,18,0.0,99.4,97.02,120.9,89.9,160.0,255,236,153,2,80.15,78.66,94.99,76.0,122.0,945,836,887,0,1276,563,396,153,15,149,525,1052,554,270,65.43,331,248,71.94,302,35,73.05,1,54,99.39,36,522,80.25,413,65.2,93.0,27.8,71.9,96.99,25.09,99.99,129.9,29.91,99.4,120.9,21.5,79.9,87.5,7.6,71.9,430,96.99,235,25.09,71.35,71.74,72.92
2026-08-22 13:38:09,2026-08-22 16:38:09,1153,961,65.6,64.15,98.0,62.56,130.0,1063,940,923,0,71.94,70.09,114.0,68.07,149.0,958,855,667,1.0,,,,,,28,28,19,0.0,99.4,97.04,120.9,89.9,160.0,255,235,155,2,80.15,78.66,94.99,76.0,122.0,945,839,887,0,1276,565,390,151,21,149,525,1052,559,261,65.43,328,247,71.94,304,37,73.05,1,58,99.39,37,523,80.25,416,65.2,93.0,27.8,71.9,96.99,25.09,99.99,129.9,29.91,99.4,120.9,21.5,79.93,87.5,7.57,71.9,431,96.99,236,25.09,71.35,71.74,73.03
2026-08-22 14:30:00,2026-08-22 17:30:00,1152,955,65.6,64.15,98.0,62.56,130.0,1063,934,924,0,71.94,70.09,114.0,69.39,149.0,958,849,653,1.0,,,,,,28,28,19,0.0,99.4,97.0,120.9,89.9,160.0,250,232,147,3.0,80.15,78.66,94.99,76.0,122.0,945,835,887,0,1276,568,399,149,15,145,519,1054,511,226,65.43,328,216,71.93,296,31,73.05,1,58,99.39,37,483,80.25,403,65.2,93.0,27.8,71.9,96.99,25.09,99.99,129.9,29.91,99.4,120.9,21.5,79.97,87.5,7.53,71.9,431,96.99,222,25.09,71.35,71.74,73.03
2026-08-22 15:29:18,2026-08-22 18:29:18,1152,959,65.6,64.15,98.0,62.56,130.0,1063,938,925,0,71.94,70.1,114.0,69.39,149.0,958,852,667,1.0,,,,,,28,28,19,0.0,99.4,97.0,120.9,89.9,160.0,255,238,155,2,80.15,78.66,94.99,76.0,122.0,945,839,887,0,1276,587,380,153,22,134,522,1056,531,258,65.43,323,234,71.94,292,33,73.05,1,54,98.93,36,498,80.25,406,65.22,93.0,27.78,71.9,96.99,25.09,99.99,129.9,29.91,99.4,120.9,21.5,79.93,87.5,7.57,71.9,431,96.99,236,25.09,71.35,71.74,73.03
2026-08-22 16:34:08,2026-08-22 19:34:08,1151,955,65.6,64.15,98.0,62.56,130.0,1062,933,925,0.0,71.94,70.09,114.0,69.39,149.0,957,849,666,1,,,,,,28,28,18,0.0,99.4,97.0,120.9,89.9,160.0,256,237,156,2.0,80.15,78.66,94.99,76.0,122.0,943,835,885,0,1276,579,388,161,20,128,523,1055,529,268,65.43,316,241,71.94,298,29,73.05,1,59,99.39,36,502,80.25,407,65.22,93.0,27.78,71.9,96.99,25.09,99.99,129.9,29.91,99.4,120.9,21.5,79.9,87.5,7.6,71.9,432,96.99,234,25.09,71.35,71.77,72.81
2026-08-22 17:28:41,2026-08-22 20:28:41,1153,961,65.6,64.15,98.0,62.56,130.0,1064,938,939,0.0,71.94,70.1,114.0,69.39,149.0,959,854,681,1,,,,,,28,28,19,0.0,99.4,97.0,120.9,89.9,160.0,256,237,156,2.0,80.15,78.66,94.99,76.0,122.0,945,840,887,0,1276,584,408,138,20,126,524,1053,494,243,65.43,322,228,71.94,309,25,73.05,1,52,99.39,39,472,80.25,399,65.23,93.0,27.77,71.9,96.99,25.09,99.99,129.9,29.91,99.4,120.9,21.5,79.97,87.5,7.53,71.9,433,96.99,248,25.09,71.35,71.74,73.03
2026-08-22 18:41:40,2026-08-22 21:41:40,1152,964,65.6,64.15,98.0,62.56,133.0,1063,942,940,0,71.94,70.09,114.0,69.39,149.0,958,858,684,1.0,,,,,,28,28,19,0.0,99.4,97.0,120.9,89.9,160.0,256,237,156,1.5,80.15,78.66,94.99,76.0,122.0,944,843,886,0.0,1275,585,407,143,22,118,523,1052,479,236,65.43,321,216,71.94,309,33,73.05,1,56,99.39,41,455,80.28,390,65.23,93.0,27.77,71.9,96.99,25.09,99.99,129.9,29.91,99.4,120.9,21.5,79.99,87.5,7.51,71.9,434,96.99,250,25.09,71.35,71.77,73.03
2026-08-22 19:29:02,2026-08-22 22:29:02,1152,959,65.6,64.15,98.0,62.56,130.0,1063,937,939,0,71.94,70.1,114.0,69.39,149.0,958,853,687,1.0,,,,,,27,27,18,0,99.4,97.0,120.9,89.9,160.0,256,237,156,1.5,80.15,78.66,94.99,76.0,122.0,945,842,885,0,1275,580,413,143,22,117,521,1051,496,242,65.43,321,221,71.94,303,38,73.05,1,57,99.39,41,470,80.27,387,65.23,93.0,27.77,71.9,96.99,25.09,99.99,129.9,29.91,99.4,120.9,21.5,79.99,87.5,7.51,71.9,437,96.99,250,25.09,71.35,71.79,72.92
2026-08-22 20:32:35,2026-08-22 23:32:35,1152,960,65.6,64.15,98.0,62.56,130.0,1063,938,939,0,71.94,70.1,114.0,69.39,149.0,958,854,690,0.0,,,,,,27,27,18,0,99.4,97.0,120.9,89.9,160.0,257,240,157,1,80.15,78.66,94.99,76.0,122.0,944,843,884,0.0,1275,573,407,156,19,120,523,1051,450,218,65.43,325,193,71.94,303,28,99.94,3,41,99.39,41,421,80.25,386,65.23,93.0,27.77,71.9,96.99,25.09,99.99,129.9,29.91,99.4,120.9,21.5,80.0,87.5,7.5,71.9,438,96.99,252,25.09,71.35,71.79,72.92
2026-08-22 21:29:49,2026-08-23 00:29:49,1151,961,65.6,64.15,98.0,62.56,133.0,1061,939,921,1,71.99,70.08,114.0,68.07,149.0,956,854,669,1.0,,,,,,28,28,19,1.0,99.4,97.0,120.9,89.9,160.0,257,241,151,2,80.15,78.66,94.99,76.0,122.0,942,844,874,1.0,1275,573,395,155,18,134,524,1049,443,220,65.43,326,191,71.94,305,18,99.94,3,36,99.39,44,417,80.25,386,65.25,93.0,27.75,71.9,96.99,25.09,99.99,129.9,29.91,99.4,120.9,21.5,80.0,87.5,7.5,71.9,422,96.99,247,25.09,71.35,71.92,72.73
2026-08-22 22:30:53,2026-08-23 01:30:53,1153,965,65.6,64.15,98.0,62.56,133.0,1062,943,924,1.0,71.94,70.09,114.0,69.39,149.0,956,858,673,1.0,,,,,,28,28,18,1.0,99.4,97.0,120.9,89.9,160.0,255,240,151,2,80.15,78.66,94.99,76.0,122.0,943,847,878,1,1275,579,391,140,28,137,528,1047,411,230,65.43,329,205,71.94,306,21,99.94,3,33,99.39,44,381,80.25,391,65.25,93.0,27.75,71.9,96.99,25.09,99.99,129.9,29.91,99.4,120.9,21.5,79.99,87.5,7.51,71.9,425,96.99,248,25.09,71.35,71.92,72.73
2026-08-22 23:28:45,2026-08-23 02:28:45,1153,967,65.6,64.15,98.0,62.56,133.0,1063,945,927,0,71.97,70.08,114.0,68.07,149.0,957,859,674,1,,,,,,28,28,18,0.0,99.4,97.0,125.0,89.9,160.0,256,242,152,2.0,80.15,78.66,94.99,76.0,122.0,944,848,879,0.0,1275,618,380,115,26,136,523,1050,379,206,65.43,332,188,71.94,300,21,99.94,3,36,99.39,44,343,80.25,387,65.23,93.0,27.77,71.9,101.0,29.1,99.99,129.9,29.91,99.4,125.0,25.6,79.99,87.5,7.51,71.9,424,101.0,250,29.1,71.35,71.92,72.65
2026-08-23 01:53:46,2026-08-23 04:53:46,1151,963,65.6,64.15,98.0,62.56,133.0,1061,941,926,0,71.94,70.07,114.0,68.07,149.0,955,854,673,1,,,,,,28,28,19,0.0,99.4,97.0,125.0,89.9,160.0,255,239,151,2,80.15,78.66,94.99,76.0,122.0,943,844,879,0,1275,680,359,53,23,160,516,1054,305,192,65.43,335,165,71.94,302,21,99.97,4,36,99.39,42,282,80.25,381,65.23,93.0,27.77,71.9,101.0,29.1,99.99,129.9,29.91,99.4,125.0,25.6,80.0,87.5,7.5,71.9,424,101.0,249,29.1,71.35,71.92,72.73
2026-08-23 03:10:51,2026-08-23 06:10:51,1151,962,65.6,64.15,98.0,62.56,133.0,1061,939,925,0,71.94,70.07,114.0,68.07,149.0,955,851,672,1,,,,,,28,28,19,0.0,99.4,97.0,125.0,89.9,160.0,256,239,152,2.0,80.15,78.66,94.99,76.0,122.0,943,842,879,0,1275,677,356,49,17,176,512,1055,299,189,65.43,323,166,71.94,298,15,99.94,5,36,99.39,42,274,80.25,372,65.23,93.0,27.77,71.9,101.0,29.1,99.99,129.9,29.91,99.4,125.0,25.6,80.0,87.5,7.5,71.9,426,101.0,246,29.1,71.35,71.92,72.81
2026-08-23 04:46:27,2026-08-23 07:46:27,1150,958,65.6,64.14,98.0,62.56,133.0,1060,937,924,0.0,71.94,70.07,114.0,68.07,149.0,954,849,671,1.0,,,,,,27,27,17,0,99.4,97.0,125.0,89.9,160.0,256,244,152,2.0,80.15,78.66,94.99,76.0,122.0,942,838,876,0.0,1275,626,368,65,24,192,498,1059,381,219,65.43,316,191,71.94,300,17,99.97,4,29,99.39,39,359,80.25,370,65.23,93.0,27.77,71.9,101.0,29.1,99.99,129.9,29.91,99.4,125.0,25.6,79.99,87.5,7.51,71.9,426,101.0,245,29.1,71.35,71.92,72.81
2026-08-23 05:36:50,2026-08-23 08:36:50,1152,958,65.6,64.13,98.0,62.56,133.0,1060,936,928,0.0,71.99,70.08,114.0,68.07,149.0,954,850,676,1.0,,,,,,28,28,19,0.0,99.4,97.0,125.0,89.9,160.0,256,244,152,2.0,80.15,78.66,94.99,76.0,122.0,942,840,877,0.0,1275,615,369,67,25,199,490,1059,425,225,65.43,316,197,71.94,292,22,99.97,4,23,99.39,38,394,80.25,359,65.23,93.0,27.77,71.9,101.0,29.1,99.99,129.9,29.91,99.4,125.0,25.6,79.95,87.5,7.55,71.9,427,101.0,249,29.1,71.35,71.92,72.92
2026-08-23 06:54:23,2026-08-23 09:54:23,1150,956,65.6,64.1,98.0,62.56,133.0,1061,935,929,0,71.99,70.08,114.0,68.07,149.0,954,850,677,1.0,,,,,,28,28,19,0.0,99.4,97.0,125.0,89.9,160.0,256,245,152,2.0,80.15,78.66,94.99,76.0,122.0,943,837,880,0,1275,617,329,85,22,222,486,1060,490,279,65.43,311,245,71.94,291,28,100.0,3,33,99.39,38,456,80.25,358,65.23,93.0,27.77,71.9,101.0,29.1,99.99,129.9,29.91,99.4,125.0,25.6,79.97,87.5,7.53,71.9,427,101.0,250,29.1,71.35,71.92,72.92
2026-08-23 07:40:44,2026-08-23 10:40:44,1150,955,65.6,64.1,98.0,62.56,133.0,1061,934,930,0,71.99,70.08,114.0,68.07,149.0,954,849,677,1.0,,,,,,28,28,19,0.0,99.4,97.0,125.0,89.9,160.0,256,243,152,2.0,80.15,78.66,94.99,76.0,122.0,943,836,880,0,1275,607,321,86,28,233,481,1059,507,289,65.43,303,263,71.92,286,28,100.0,3,36,99.39,36,464,80.25,355,65.23,93.0,27.77,71.9,101.0,29.1,99.99,129.9,29.91,99.4,125.0,25.6,79.95,87.5,7.55,71.9,428,101.0,249,29.1,71.35,71.92,72.81
2026-08-23 08:40:44,2026-08-23 11:40:44,1150,964,65.6,64.1,97.97,62.56,133.0,1061,942,930,0,71.99,70.08,114.0,68.07,149.0,954,858,676,1.0,,,,,,27,27,17,0,99.4,97.0,125.0,89.9,160.0,256,247,152,2.0,80.15,78.66,94.99,76.0,122.0,944,843,878,0.0,1275,601,318,85,28,243,477,1055,516,302,65.43,301,281,71.94,282,23,99.97,4,41,99.39,35,470,80.25,353,65.23,93.0,27.77,71.9,101.0,29.1,99.99,129.9,29.91,99.4,125.0,25.6,79.95,87.5,7.55,71.9,428,101.0,248,29.1,71.35,71.92,72.81
2026-08-23 09:35:54,2026-08-23 12:35:54,1151,964,65.6,64.1,97.97,62.56,133.0,1061,941,931,0,71.99,70.08,114.0,68.07,149.0,954,857,677,1.0,,,,,,28,28,19,0.0,99.4,97.0,125.0,89.9,160.0,256,247,152,2.0,80.15,78.66,94.99,76.0,122.0,944,841,880,0.0,1275,602,316,107,25,225,477,1057,532,289,65.37,295,274,71.94,288,22,99.97,4,32,99.39,35,502,80.25,358,65.23,93.0,27.77,71.9,101.0,29.1,99.99,129.9,29.91,99.4,125.0,25.6,79.95,87.5,7.55,71.9,428,101.0,249,29.1,71.35,71.92,72.81
2026-08-23 10:32:28,2026-08-23 13:32:28,1151,962,65.6,64.1,97.97,62.56,133.0,1061,940,931,0,71.99,70.07,114.0,68.07,149.0,954,856,680,1.0,,,,,,28,28,19,0.0,99.4,97.0,125.0,89.9,160.0,256,244,152,2.0,80.15,78.66,94.99,76.0,122.0,944,839,881,0.0,1275,604,320,114,28,209,469,1055,561,302,65.43,291,278,71.94,293,27,99.97,4,46,99.38,32,531,80.25,351,65.23,93.0,27.77,71.9,101.0,29.1,99.99,129.9,29.91,99.4,125.0,25.6,79.99,87.5,7.51,71.9,430,101.0,250,29.1,71.35,71.92,72.92
2026-08-23 11:28:46,2026-08-23 14:28:46,1151,961,65.6,64.1,97.97,62.56,133.0,1062,939,931,0.0,71.94,70.07,114.0,68.07,149.0,955,855,681,1,,,,,,27,27,18,0,99.4,97.0,125.0,89.9,160.0,256,245,153,2.0,80.15,78.66,94.99,76.0,122.0,945,839,882,0,1275,588,336,124,25,202,465,1055,545,274,65.43,288,250,71.94,295,25,99.97,4,44,99.39,34,513,80.25,351,65.23,93.0,27.77,71.9,101.0,29.1,99.99,129.9,29.91,99.4,125.0,25.6,79.97,87.5,7.53,71.9,432,101.0,249,29.1,71.35,71.92,72.81
2026-08-23 12:55:44,2026-08-23 15:55:44,1151,959,65.6,64.1,97.97,62.56,133.0,1062,937,932,0.0,71.99,70.08,114.0,68.07,149.0,955,853,684,1,,,,,,28,28,19,0.0,99.4,97.0,125.0,89.9,160.0,256,244,153,2.0,80.15,78.66,94.99,76.0,122.0,945,838,882,0,1275,594,345,137,21,178,468,1057,531,277,65.43,282,252,71.94,291,26,99.94,3,50,99.39,36,506,80.25,355,65.23,93.0,27.77,71.9,99.9,28.0,99.99,129.9,29.91,99.4,125.0,25.6,80.0,87.5,7.5,71.9,431,99.9,253,28.0,71.35,71.92,72.92
2026-08-23 13:38:47,2026-08-23 16:38:47,1151,966,65.6,64.1,97.97,62.56,133.0,1062,944,934,0.0,71.99,70.08,114.0,68.07,149.0,955,860,684,1,,,,,,28,28,19,0.0,99.4,97.0,125.0,89.9,160.0,256,245,154,2.0,80.15,78.66,94.99,76.0,122.0,945,844,882,0,1276,622,326,135,21,172,474,1056,550,284,65.4,282,252,71.94,296,30,99.94,3,44,99.39,36,521,80.25,357,65.23,93.0,27.77,71.9,99.9,28.0,99.99,129.9,29.91,99.4,125.0,25.6,80.0,87.5,7.5,71.9,431,99.9,253,28.0,71.35,71.92,72.92
2026-08-23 14:31:53,2026-08-23 17:31:53,1151,965,65.6,64.1,97.97,62.56,133.0,1062,943,934,0.0,71.99,70.08,114.0,68.07,149.0,955,858,684,1,,,,,,28,28,19,0.0,99.4,97.0,125.0,89.9,160.0,256,247,154,2.0,80.15,78.66,94.99,76.0,122.0,945,844,882,0,1276,674,285,131,20,166,473,1057,570,322,65.43,281,305,71.94,296,28,99.94,3,41,99.39,35,545,80.25,354,65.23,93.0,27.77,71.9,99.9,28.0,99.99,129.9,29.91,99.4,125.0,25.6,80.0,87.5,7.5,71.9,431,99.9,253,28.0,71.35,71.92,72.92
2026-08-23 15:30:44,2026-08-23 18:30:44,1151,969,65.6,64.1,97.99,62.56,133.0,1062,947,934,0.0,71.99,70.07,114.0,68.07,149.0,955,863,683,1,,,,,,28,28,19,0.0,99.4,97.0,125.0,89.9,160.0,256,247,154,2.0,80.15,78.66,94.99,76.0,122.0,945,848,881,0,1276,694,284,127,15,156,472,1058,589,325,65.43,286,313,71.92,303,31,86.93,4,45,99.39,34,561,80.25,353,65.23,93.0,27.77,71.9,99.9,28.0,99.99,129.9,29.91,99.4,125.0,25.6,80.0,87.5,7.5,71.9,431,99.9,252,28.0,71.35,71.92,72.92
2026-08-23 16:35:17,2026-08-23 19:35:17,1151,966,65.6,64.1,97.99,62.56,133.0,1062,945,935,0.0,71.99,70.08,114.0,68.07,149.0,955,863,684,1,,,,,,28,28,19,0.0,99.4,97.0,125.0,89.9,160.0,256,245,156,2.0,80.15,78.66,94.99,76.0,122.0,945,845,883,0,1276,663,310,135,16,152,474,1058,586,298,65.43,287,259,71.9,302,27,86.93,4,46,99.39,35,557,80.25,351,65.23,93.0,27.77,71.9,100.45,28.55,99.99,129.9,29.91,99.4,125.0,25.6,79.97,87.5,7.53,71.9,432,100.45,252,28.55,71.35,71.92,72.81
2026-08-23 17:27:47,2026-08-23 20:27:47,1151,966,65.6,64.1,97.98,62.56,133.0,1062,945,936,0.0,71.99,70.08,114.0,69.39,149.0,955,861,688,1,,,,,,28,28,19,0.0,99.4,97.0,125.0,89.9,160.0,256,245,156,2.0,80.15,78.66,94.99,76.0,122.0,945,844,883,0,1276,661,326,120,17,152,481,1057,536,253,65.43,284,226,71.9,300,20,86.93,4,44,99.39,34,511,80.25,353,65.23,93.0,27.77,71.9,99.9,28.0,99.99,129.9,29.91,99.4,125.0,25.6,79.99,87.5,7.51,71.9,434,99.9,254,28.0,71.35,71.92,73.03
2026-08-23 18:40:53,2026-08-23 21:40:53,1152,966,65.6,64.1,97.98,62.56,133.0,1062,944,939,0.0,71.99,70.08,114.0,69.39,149.0,955,858,688,1,,,,,,28,28,18,0.0,99.4,97.0,125.0,89.9,160.0,256,244,156,2.0,80.15,78.66,94.99,76.0,122.0,944,842,882,0.0,1276,664,342,104,22,144,476,1057,527,279,65.43,286,239,71.92,305,15,86.93,4,49,99.0,34,504,80.25,345,65.23,93.0,27.77,71.9,99.9,28.0,99.99,129.9,29.91,99.4,125.0,25.6,79.99,87.5,7.51,71.9,434,99.9,254,28.0,71.35,71.92,73.03
2026-08-23 19:28:33,2026-08-23 22:28:33,1152,968,65.6,64.1,98.0,62.56,133.0,1062,948,941,0.0,71.97,70.06,114.0,69.39,149.0,955,860,688,1,,,,,,28,28,17,0.0,99.4,97.0,125.0,89.9,160.0,257,247,156,2,80.15,78.66,94.99,76.0,122.0,944,844,880,0.0,1276,678,331,109,20,138,476,1056,525,269,65.43,280,240,71.92,308,20,98.99,5,45,98.62,33,503,80.25,340,65.23,93.0,27.77,71.9,99.9,28.0,99.99,129.9,29.91,99.4,125.0,25.6,79.99,87.5,7.51,71.9,435,99.9,253,28.0,71.35,71.92,73.03
2026-08-23 20:32:58,2026-08-23 23:32:58,1151,965,65.6,64.1,98.0,49.0,133.0,1063,946,942,0,71.94,70.05,114.0,66.0,149.0,956,858,692,1.0,,,,,,28,28,18,0.0,99.4,97.0,125.0,89.9,160.0,257,247,156,2,80.15,78.66,94.99,76.0,122.0,944,843,881,0.0,1276,702,331,101,15,127,480,1058,497,247,65.43,283,223,71.94,306,25,98.99,5,38,99.37,35,472,80.25,335,65.23,93.0,27.77,71.9,99.9,28.0,99.99,129.9,29.91,99.4,125.0,25.6,79.97,87.5,7.53,71.9,437,99.9,255,28.0,71.35,71.92,73.03
2026-08-23 21:29:11,2026-08-24 00:29:11,1149,966,65.6,64.1,98.0,62.56,133.0,1060,945,912,1.0,71.99,70.0,114.0,68.07,149.0,953,857,660,2,,,,,,28,28,17,1.0,99.4,97.05,125.0,89.9,160.0,257,244,146,3,80.15,78.66,94.99,76.0,122.0,942,842,871,1.0,1276,693,339,91,19,134,488,1062,457,245,65.43,285,215,71.94,308,26,98.99,5,33,99.37,35,431,80.25,334,65.23,93.0,27.77,71.9,99.9,28.0,99.99,129.9,29.91,99.4,125.0,25.6,80.0,87.5,7.5,71.9,414,99.9,246,28.0,71.35,71.92,73.11
2026-08-23 22:30:55,2026-08-24 01:30:55,1151,965,65.6,64.1,98.0,62.56,133.0,1061,943,916,1,71.99,70.01,114.0,68.07,149.0,953,854,663,2,,,,,,28,28,17,1.0,99.4,97.05,125.0,89.9,160.0,256,244,146,3.0,80.15,78.66,94.99,76.0,122.0,936,835,873,1.0,1276,717,327,66,22,144,483,1063,405,226,65.43,279,192,71.94,304,22,98.99,5,29,98.62,33,378,80.25,329,65.23,93.0,27.77,71.9,99.9,28.0,99.99,129.9,29.91,99.4,125.0,25.6,80.0,87.5,7.5,71.9,415,99.9,248,28.0,71.35,71.92,73.11
2026-08-23 23:28:50,2026-08-24 02:28:50,1151,972,65.6,64.1,98.0,62.56,133.0,1061,950,918,0,72.0,70.05,114.0,69.39,149.0,953,861,664,2,,,,,,28,28,17,0.0,99.4,97.06,125.0,89.9,160.0,257,247,147,3,80.15,78.66,94.99,76.0,122.0,936,841,874,0.0,1276,743,323,49,21,140,472,1066,361,216,65.43,272,187,71.94,295,13,98.99,5,27,99.0,34,329,80.25,324,65.22,93.0,27.78,71.9,99.9,28.0,99.99,129.9,29.91,99.4,125.0,25.6,80.0,87.5,7.5,71.9,416,99.9,248,28.0,71.35,71.92,73.11
2026-08-24 01:50:57,2026-08-24 04:50:57,1151,968,65.6,64.1,98.0,49.0,133.0,1062,947,918,0.0,71.99,70.02,114.0,66.0,149.0,951,855,664,1,,,,,,28,28,17,0.0,99.4,97.05,125.0,89.9,160.0,256,247,146,3.0,80.15,78.66,94.99,76.0,122.0,934,835,872,0.0,1276,766,293,23,22,172,463,1070,246,174,65.43,265,145,71.94,281,16,99.47,4,18,98.62,31,214,80.25,320,65.22,93.0,27.78,71.9,100.45,28.55,99.99,129.9,29.91,99.4,125.0,25.6,80.0,87.5,7.5,71.9,418,100.45,246,28.55,71.35,71.92,73.03
2026-08-24 03:11:55,2026-08-24 06:11:55,1151,971,65.6,64.1,98.0,62.56,133.0,1061,949,921,0,71.94,70.0,114.0,69.39,149.0,950,857,662,1.0,,,,,,29,29,18,0,99.4,97.04,125.0,89.9,160.0,256,248,145,3.0,80.15,78.66,94.99,76.0,122.0,934,838,874,0.0,1276,756,290,17,18,195,453,1070,342,206,65.43,257,187,71.94,277,14,98.99,5,29,99.37,29,307,80.25,317,65.23,93.0,27.77,71.9,99.9,28.0,99.99,129.9,29.91,99.4,125.0,25.6,80.0,87.5,7.5,71.9,422,99.9,240,28.0,71.35,71.92,73.03
2026-08-24 04:54:48,2026-08-24 07:54:48,1152,970,65.6,64.1,97.98,62.56,133.0,1059,948,919,0,71.94,70.0,114.0,69.39,149.0,948,858,660,1.0,,,,,,29,29,18,0,99.4,97.04,125.0,89.9,160.0,256,249,145,3.0,80.15,78.66,94.99,76.0,122.0,933,841,874,0,1276,759,267,27,17,206,460,1068,561,260,65.43,253,228,71.9,276,23,98.99,5,39,98.62,29,532,80.25,328,65.23,93.0,27.77,71.9,99.9,28.0,99.99,129.9,29.91,99.4,125.0,25.6,80.0,87.75,7.75,71.9,423,99.9,237,28.0,71.35,71.95,73.03
2026-08-24 05:46:28,2026-08-24 08:46:28,1151,972,65.6,64.1,98.0,62.56,133.0,1059,950,922,0,71.99,70.05,114.0,69.39,149.0,952,863,672,1.0,,,,,,29,29,18,0,99.4,97.05,125.0,89.9,160.0,256,250,146,3.0,80.15,78.66,94.99,76.0,122.0,935,844,876,0,1276,780,255,32,11,198,455,1067,619,310,65.43,252,265,71.93,272,27,98.99,5,43,99.37,27,582,80.25,328,65.23,93.0,27.77,71.9,99.9,28.0,99.99,129.9,29.91,99.4,125.0,25.6,80.0,87.5,7.5,71.9,424,99.9,248,28.0,71.35,71.95,73.03
2026-08-24 07:13:47,2026-08-24 10:13:47,1151,978,65.6,64.1,98.0,62.56,133.0,1060,957,925,0.0,71.99,70.05,114.0,69.39,149.0,953,869,677,1,,,,,,29,29,19,0,99.4,97.05,125.0,89.9,160.0,256,248,146,3.0,80.15,78.66,94.99,76.0,122.0,936,849,876,0.0,1276,767,234,48,15,212,452,1065,636,327,65.43,246,279,71.9,269,27,98.99,5,45,99.38,28,597,80.25,329,65.23,93.0,27.77,71.9,99.9,28.0,99.99,129.9,29.91,99.4,125.0,25.6,80.0,87.5,7.5,71.9,427,99.9,250,28.0,71.35,71.95,73.19
2026-08-24 08:58:03,2026-08-24 11:58:03,1150,983,65.6,64.1,98.0,62.56,133.0,1060,960,922,0.0,71.99,70.03,114.0,69.39,149.0,952,869,676,1.0,,,,,,29,29,18,0,99.4,97.05,125.0,89.9,160.0,256,249,146,3.0,80.15,78.66,94.99,76.0,122.0,936,854,877,0.0,1276,741,233,70,20,212,447,1063,605,327,65.32,243,277,71.9,264,23,98.99,5,40,99.39,28,570,80.25,325,65.23,93.0,27.77,71.9,99.9,28.0,99.99,129.9,29.91,99.4,125.0,25.6,80.0,87.5,7.5,71.9,428,99.9,248,28.0,71.35,71.95,73.19
2026-08-24 09:56:56,2026-08-24 12:56:56,1149,978,65.6,64.1,98.0,62.56,133.0,1059,955,925,0,71.99,70.03,114.0,69.39,149.0,951,865,676,1,,,,,,29,29,18,0,99.4,97.05,125.0,89.9,160.0,256,248,146,3.0,80.15,78.66,94.99,76.0,122.0,936,852,877,0.0,1276,739,228,81,17,211,445,1063,583,337,65.32,243,279,71.9,258,25,98.99,5,39,99.39,28,545,80.25,312,65.23,93.0,27.77,71.9,99.9,28.0,99.99,129.9,29.91,99.4,125.0,25.6,80.0,87.5,7.5,71.9,428,99.9,248,28.0,71.35,71.95,73.19
2026-08-24 10:45:52,2026-08-24 13:45:52,1149,982,65.6,64.1,98.0,62.56,133.0,1059,959,928,0,71.99,70.03,114.0,69.39,149.0,951,869,678,1,,,,,,29,29,19,0,99.4,97.06,125.0,89.9,160.0,256,249,147,3.0,80.15,78.66,94.99,76.0,122.0,936,856,877,0.0,1276,725,245,93,15,198,443,1061,561,316,65.29,241,264,71.9,255,21,98.99,5,35,99.39,28,527,80.25,311,65.23,93.0,27.77,71.9,99.9,28.0,99.99,129.9,29.91,99.4,125.0,25.6,80.0,87.5,7.5,71.9,429,99.9,249,28.0,71.35,71.95,73.19
2026-08-24 11:36:27,2026-08-24 14:36:27,1149,961,65.6,64.1,98.0,62.56,133.0,1059,938,933,0,71.99,70.0,114.0,68.07,149.0,952,849,681,1.0,,,,,,29,29,20,0,99.4,97.06,125.0,89.9,160.0,256,239,147,3.0,80.15,78.66,94.99,76.0,122.0,934,835,877,0.0,1276,726,256,86,17,191,442,1060,564,314,65.27,244,265,71.9,252,25,98.99,5,38,99.39,30,527,80.25,309,65.25,93.0,27.75,71.9,99.9,28.0,99.99,129.9,29.91,99.4,125.0,25.6,80.0,87.5,7.5,71.9,430,99.9,251,28.0,71.35,71.95,73.19
2026-08-24 13:05:53,2026-08-24 16:05:53,1150,992,65.6,64.1,98.0,62.56,133.0,1060,969,935,0.0,71.94,70.0,114.0,68.07,149.0,953,880,675,1,,,,,,29,29,20,0,99.4,97.0,125.0,89.9,160.0,255,247,141,3,80.15,78.66,94.99,76.0,122.0,937,864,882,0,1276,731,258,95,22,170,443,1062,577,319,65.23,252,274,71.9,260,26,99.47,4,51,99.39,31,539,80.19,307,65.23,93.0,27.77,71.9,99.9,28.0,99.99,129.9,29.91,99.4,125.0,25.6,79.97,87.5,7.53,71.9,433,99.9,242,28.0,71.35,71.92,73.19
2026-08-24 14:51:48,2026-08-24 17:51:48,1152,989,65.6,64.1,98.0,62.56,133.0,1060,966,935,0.0,71.94,69.99,114.0,68.07,149.0,953,878,647,1,,,,,,29,29,20,0,99.4,96.69,125.0,89.9,160.0,245,237,121,5,80.15,78.66,94.99,76.0,122.0,937,862,882,0,1276,729,278,102,15,152,439,1060,602,336,65.19,254,287,71.9,264,33,99.94,3,58,99.39,31,569,80.17,302,65.23,93.0,27.77,71.9,99.9,28.0,99.99,129.9,29.91,99.4,105.0,5.6,79.97,87.5,7.53,71.9,434,99.9,213,28.0,71.35,71.92,73.19
2026-08-24 15:48:47,2026-08-24 18:48:47,1153,988,65.6,64.1,98.0,62.56,133.0,1060,966,934,0.0,71.99,70.02,114.0,68.07,149.0,953,879,685,1,,,,,,28,28,19,0.0,99.4,96.98,125.0,89.9,160.0,257,250,149,3,80.15,78.66,94.99,76.0,122.0,937,861,883,0,1276,716,275,114,23,148,435,1064,611,335,65.18,258,302,71.91,264,33,99.94,3,55,99.39,30,577,80.15,308,65.23,93.0,27.77,71.9,99.9,28.0,99.99,129.9,29.91,99.4,125.0,25.6,79.99,87.5,7.51,71.9,434,99.9,251,28.0,71.35,71.92,73.19
2026-08-24 16:49:02,2026-08-24 19:49:02,1151,985,65.6,64.1,98.0,62.56,133.0,1060,963,934,0.0,71.94,69.99,114.0,69.39,149.0,953,876,638,1,,,,,,29,29,20,0,99.4,96.73,103.28,89.9,160.0,239,232,115,5,80.15,78.66,94.99,76.0,122.0,937,860,882,0,1276,712,277,128,15,144,438,1066,628,326,65.18,257,285,71.94,266,31,99.94,3,53,99.39,28,593,80.15,307,65.25,93.0,27.75,71.9,99.35,27.45,99.99,129.9,29.91,99.4,99.39,-0.01,80.0,87.5,7.5,71.9,434,99.35,204,27.45,71.35,71.95,73.19
2026-08-24 17:37:42,2026-08-24 20:37:42,1152,989,65.6,64.1,98.0,62.56,133.0,1060,968,934,0.0,71.94,69.99,114.0,69.39,149.0,953,881,638,1,,,,,,29,29,20,0,99.4,96.73,103.28,89.9,160.0,239,232,115,5,80.15,78.66,94.99,76.0,122.0,936,861,881,0.0,1276,712,285,122,15,142,437,1066,588,299,65.17,252,271,71.92,269,33,104.44,2,45,99.39,26,555,80.15,308,65.25,93.0,27.75,71.9,99.35,27.45,99.99,129.9,29.91,99.4,99.39,-0.01,80.0,87.5,7.5,71.9,434,99.35,204,27.45,71.35,71.95,73.19
2026-08-24 18:52:16,2026-08-24 21:52:16,1151,993,65.6,64.1,98.0,62.56,133.0,1060,970,932,0.0,71.99,70.05,114.0,69.39,149.0,953,883,686,1,,,,,,28,28,19,0.0,99.4,97.08,125.0,89.9,160.0,256,251,149,2.5,80.15,78.66,94.99,76.0,122.0,936,863,880,0.0,1276,723,282,112,19,140,438,1061,565,320,65.17,260,282,71.9,268,34,104.44,2,52,99.39,24,519,80.19,308,65.23,93.0,27.77,71.9,99.9,28.0,99.99,129.9,29.91,99.4,125.0,25.6,80.0,87.5,7.5,71.9,435,99.9,251,28.0,71.35,71.95,73.11
2026-08-24 19:36:32,2026-08-24 22:36:32,1151,990,65.6,64.1,98.0,62.56,133.0,1060,968,932,0.0,71.99,70.03,114.0,68.07,149.0,953,880,686,1,,,,,,28,28,19,0.0,99.4,97.09,125.0,89.9,160.0,256,250,150,2.0,80.15,78.66,94.99,76.0,122.0,936,862,881,0.0,1276,726,291,99,21,139,431,1062,540,312,65.19,256,278,71.9,270,29,104.44,2,52,99.39,24,493,80.19,306,65.25,93.0,27.75,71.9,99.9,28.0,99.99,129.9,29.91,99.4,125.0,25.6,80.0,87.5,7.5,71.9,434,99.9,252,28.0,71.35,71.95,73.19
2026-08-24 20:40:12,2026-08-24 23:40:12,1151,990,65.6,64.1,98.0,62.56,133.0,1060,967,933,0.0,71.99,70.03,114.0,68.07,149.0,953,879,687,0,,,,,,29,29,20,0,99.4,97.1,125.0,89.9,160.0,256,249,151,2.0,80.15,78.66,94.99,76.0,122.0,936,861,881,0.0,1276,723,296,90,22,145,423,1059,494,299,65.18,261,269,71.9,265,24,104.44,2,39,99.39,23,453,80.25,299,65.23,93.0,27.77,71.9,99.9,28.0,99.99,129.9,29.91,99.4,125.0,25.6,79.99,87.5,7.51,71.9,436,99.9,251,28.0,71.35,71.95,73.03
2026-08-24 21:37:12,2026-08-25 00:37:12,1150,986,65.6,64.1,98.0,62.56,133.0,1059,964,910,1,72.0,70.05,114.0,68.07,149.0,952,878,651,1.0,,,,,,29,29,20,1,99.4,97.11,125.0,89.9,160.0,256,250,144,3.0,80.15,78.66,94.99,76.0,122.0,934,857,869,1.0,1276,747,277,82,20,150,427,1059,444,276,65.18,258,245,71.9,260,20,104.44,2,36,99.39,24,411,80.25,307,65.23,93.0,27.77,71.9,99.9,28.0,99.99,129.9,29.91,99.4,125.0,25.6,80.0,87.5,7.5,71.9,409,99.9,242,28.0,71.35,72.02,72.92
2026-08-24 22:35:46,2026-08-25 01:35:46,1149,986,65.6,64.1,98.0,62.56,133.0,1059,964,913,1,72.03,70.05,114.0,68.07,149.0,952,876,654,1.0,,,,,,29,29,20,1,99.4,97.11,125.0,89.9,160.0,256,252,144,3.0,80.17,78.66,94.99,76.0,122.0,932,856,870,1.0,1276,780,251,65,26,154,417,1059,416,278,65.18,252,238,71.9,258,21,98.99,1,39,99.39,23,377,80.25,304,65.25,93.0,27.75,71.9,99.9,28.0,99.99,129.9,29.91,99.4,125.0,25.6,80.0,87.5,7.5,71.9,409,99.9,245,28.0,71.35,72.02,72.92
2026-08-24 23:29:10,2026-08-25 02:29:10,1151,983,65.6,64.1,101.5,62.56,133.0,1060,961,915,0.0,72.0,70.05,114.0,68.07,149.0,953,873,652,1,,,,,,29,29,20,0,99.4,97.1,125.0,89.9,160.0,256,252,141,3.5,80.19,78.66,94.99,76.0,122.0,934,856,873,0.0,1276,799,242,36,36,163,479,925,374,258,65.18,663,215,71.94,567,22,86.06,2,35,99.39,29,336,80.25,893,65.25,93.0,27.75,71.9,99.9,28.0,99.99,129.9,29.91,99.4,125.0,25.6,80.0,87.5,7.5,71.9,409,99.9,243,28.0,71.35,72.02,72.92
2026-08-25 01:45:24,2026-08-25 04:45:24,1152,978,65.6,64.1,103.95,62.56,133.0,1061,956,914,0,72.05,70.05,114.0,68.07,149.0,954,868,658,1.0,,,,,,28,28,19,0.0,99.4,97.11,125.0,89.9,160.0,257,252,144,3,80.17,78.66,94.99,76.0,122.0,935,852,872,0,1276,824,224,14,25,189,462,941,240,170,65.18,629,156,71.94,522,16,86.06,2,28,99.39,28,208,80.25,874,65.23,93.0,27.77,71.9,99.9,28.0,99.99,129.9,29.91,99.4,125.0,25.6,80.0,87.5,7.5,71.9,410,99.9,248,28.0,71.35,72.05,72.81
2026-08-25 03:07:15,2026-08-25 06:07:15,1151,981,65.6,64.1,105.0,62.56,133.0,1061,960,915,0,72.05,70.05,114.0,69.39,149.0,954,872,662,1.0,,,,,,29,29,20,0,99.4,97.1,125.0,89.9,160.0,256,252,146,3.0,80.19,78.66,94.99,76.0,122.0,934,854,874,0.0,1276,804,218,10,35,209,456,929,349,238,65.18,641,216,71.94,534,16,86.06,2,33,99.39,27,313,80.25,869,65.25,93.0,27.75,71.9,99.9,28.0,99.99,129.9,29.91,99.4,125.0,25.6,80.0,87.5,7.5,71.9,413,99.9,249,28.0,71.35,72.02,73.03
2026-08-25 04:48:12,2026-08-25 07:48:12,1150,980,65.6,64.1,105.0,62.56,133.0,1060,959,915,0.0,71.94,69.99,114.0,69.39,149.0,953,869,609,2,,,,,,29,29,20,0,99.39,96.69,100.7,89.9,160.0,239,235,111,6,80.19,78.66,94.99,76.0,122.0,933,853,873,0,1276,795,220,18,23,220,455,925,567,329,65.18,640,267,71.94,532,24,86.06,2,48,99.39,26,538,80.25,876,65.26,93.0,27.74,71.9,95.0,23.1,99.99,129.9,29.91,99.4,99.39,-0.01,80.0,87.5,7.5,71.9,411,95.0,198,23.1,71.35,72.05,72.92
2026-08-25 05:39:01,2026-08-25 08:39:01,1151,980,65.6,64.1,105.0,62.56,133.0,1060,959,916,0.0,71.94,69.99,114.0,68.07,149.0,953,869,610,2,,,,,,29,29,20,0,99.4,96.69,100.7,89.9,160.0,239,235,111,6,80.19,78.66,94.99,76.0,122.0,933,853,872,0,1276,798,230,18,16,214,459,923,630,351,65.18,643,281,71.94,535,30,86.06,2,45,99.39,25,596,80.25,877,65.26,93.0,27.74,71.9,96.9,25.0,99.99,129.9,29.91,99.4,99.39,-0.01,80.0,87.5,7.5,71.9,411,96.9,199,25.0,71.35,72.02,72.92
2026-08-25 07:00:42,2026-08-25 10:00:42,1152,982,65.6,64.1,105.0,62.56,133.0,1060,961,917,0.0,72.05,70.05,114.0,69.39,149.0,953,871,663,1,,,,,,28,28,19,0.0,99.4,97.1,125.0,89.9,160.0,255,251,146,3,80.19,78.66,94.99,76.0,122.0,933,853,872,0,1276,796,210,41,12,217,456,899,670,391,65.18,654,320,71.94,549,42,86.06,2,49,99.4,43,642,80.25,877,65.27,93.0,27.73,71.9,99.9,28.0,99.99,129.9,29.91,99.4,125.0,25.6,80.0,87.5,7.5,71.9,414,99.9,249,28.0,71.35,72.05,73.03
2026-08-25 07:51:38,2026-08-25 10:51:38,1151,973,65.6,64.1,105.0,62.56,133.0,1059,951,919,0,71.99,70.05,114.0,69.39,149.0,952,861,655,1.0,,,,,,28,28,19,0.0,99.4,97.1,125.0,89.9,160.0,255,247,143,3,80.19,78.66,94.99,76.0,122.0,933,846,872,0,1276,791,212,41,16,216,453,828,632,385,65.2,736,319,71.9,685,41,62.69,16,51,99.4,125,599,80.25,911,65.27,93.0,27.73,71.9,99.9,28.0,99.99,129.9,29.91,99.4,125.0,25.6,80.0,87.5,7.5,71.9,417,99.9,238,28.0,71.35,72.05,72.92
2026-08-25 08:52:34,2026-08-25 11:52:34,1150,979,65.6,64.1,105.0,62.56,133.0,1060,958,921,0.0,71.94,70.03,114.0,68.07,149.0,953,870,648,1,,,,,,29,29,20,0,99.4,97.04,125.0,89.9,160.0,249,243,135,4,80.19,78.66,94.99,76.0,122.0,934,852,873,0.0,1276,783,203,47,26,217,448,821,631,400,65.19,746,343,71.9,700,41,62.69,16,46,99.4,122,594,80.25,913,65.27,93.0,27.73,71.9,99.9,28.0,99.99,129.9,29.91,99.4,125.0,25.6,80.0,87.5,7.5,71.9,416,99.9,232,28.0,71.35,72.05,72.92
2026-08-25 09:44:34,2026-08-25 12:44:34,1152,976,65.6,64.1,107.1,62.56,133.0,1061,955,924,0,71.94,70.0,114.0,69.39,149.0,954,867,632,1.0,,,,,,29,29,20,0,99.4,96.85,125.0,89.9,160.0,245,239,124,4,80.19,78.67,94.99,76.0,122.0,935,851,874,0,1275,778,204,44,35,214,451,829,607,407,65.27,737,340,71.9,688,36,62.69,16,48,99.4,122,564,80.25,913,65.27,93.0,27.73,71.9,99.9,28.0,99.99,129.9,29.91,99.4,102.5,3.1,80.0,87.5,7.5,71.9,418,99.9,214,28.0,71.35,72.05,72.73
2026-08-25 10:41:19,2026-08-25 13:41:19,1153,932,65.6,64.1,108.0,62.56,133.0,1061,911,924,0,71.99,70.05,114.0,69.39,149.0,954,826,661,1.0,,,,,,29,28,20,0,99.4,97.1,125.0,89.9,160.0,255,227,142,3,80.19,78.67,94.99,76.0,122.0,935,808,875,0,1275,764,217,58,31,205,459,823,595,394,65.19,749,342,71.9,696,41,62.69,16,52,99.4,120,551,80.25,924,65.27,93.0,27.73,71.9,99.9,28.0,99.99,129.9,29.91,99.4,125.0,25.6,80.0,87.5,7.5,71.9,416,99.9,245,28.0,71.35,72.05,72.92
2026-08-25 11:36:04,2026-08-25 14:36:04,1152,987,65.6,64.1,108.0,62.56,133.0,1060,964,923,0.0,72.0,70.02,114.0,68.07,149.0,954,877,674,1.0,,,,,,29,29,19,0,99.4,97.1,125.0,89.9,160.0,258,251,149,3.0,80.19,78.67,94.99,76.0,122.0,935,857,874,0,1275,765,216,72,26,196,458,826,582,394,65.2,746,349,71.9,697,44,62.69,16,51,99.4,120,536,80.25,922,65.27,93.0,27.73,71.9,99.9,28.0,99.99,129.9,29.91,99.4,125.0,25.6,80.0,87.5,7.5,71.9,421,99.9,253,28.0,71.35,72.05,73.03
2026-08-25 13:03:31,2026-08-25 16:03:31,1151,986,65.6,64.1,108.0,62.56,133.0,1060,964,926,0.0,72.0,70.03,114.0,68.07,149.0,954,877,678,1.0,,,,,,29,29,20,0,99.4,97.1,125.0,89.9,160.0,259,253,151,3,80.19,78.67,94.99,76.0,122.0,934,859,876,0.0,1275,787,208,68,34,178,473,832,611,412,65.2,742,373,71.9,697,41,62.69,16,60,99.4,123,568,80.25,922,65.27,93.0,27.73,71.9,99.9,28.0,99.99,129.9,29.91,99.4,125.0,25.6,80.0,87.5,7.5,71.9,422,99.9,256,28.0,71.35,72.05,73.03
2026-08-25 13:58:36,2026-08-25 16:58:36,1151,988,65.6,64.1,106.5,62.56,133.0,1060,966,926,0.0,72.0,70.03,114.0,68.07,149.0,954,879,678,1.0,,,,,,29,29,20,0,99.4,97.1,125.0,89.9,160.0,259,252,151,3,80.19,78.67,94.99,76.0,122.0,933,859,876,0,1275,789,211,65,37,173,481,836,608,412,65.2,742,369,71.9,700,38,62.69,16,55,99.4,126,571,80.25,917,65.27,93.0,27.73,71.9,99.9,28.0,99.99,129.9,29.91,99.4,125.0,25.6,80.0,87.5,7.5,71.9,423,99.9,255,28.0,71.35,72.05,72.92
2026-08-25 14:54:42,2026-08-25 17:54:42,1153,990,65.6,64.1,108.0,62.56,133.0,1060,966,927,0.0,72.0,70.04,114.0,68.07,149.0,954,879,679,1.0,,,,,,29,29,20,0,99.4,97.1,125.0,89.9,160.0,259,251,151,3,80.19,78.68,94.99,76.0,122.0,934,859,877,0.0,1275,812,212,62,27,162,485,840,645,415,65.2,739,379,71.9,699,42,62.69,16,62,99.4,125,604,80.25,917,65.27,93.0,27.73,71.9,99.9,28.0,99.99,129.9,29.91,99.4,125.0,25.6,80.0,87.5,7.5,71.9,422,99.9,257,28.0,71.35,72.05,73.03
